Date,Close Price,log.return
2010-07-18,0.09,
2010-07-19,0.08,-0.117783036
2010-07-20,0.07,-0.133531393
2010-07-21,0.08,0.133531393
2010-07-22,0.05,-0.470003629
2010-07-23,0.06,0.182321557
2010-07-24,0.05,-0.182321557
2010-07-25,0.05,0
2010-07-26,0.06,0.182321557
2010-07-27,0.06,0
2010-07-28,0.06,0
2010-07-29,0.07,0.15415068
2010-07-30,0.06,-0.15415068
2010-07-31,0.07,0.15415068
2010-08-01,0.06,-0.15415068
2010-08-02,0.06,0
2010-08-03,0.06,0
2010-08-04,0.06,0
2010-08-05,0.06,0
2010-08-06,0.06,0
2010-08-07,0.06,0
2010-08-08,0.06,0
2010-08-09,0.07,0.15415068
2010-08-10,0.07,0
2010-08-11,0.07,0
2010-08-12,0.07,0
2010-08-13,0.06,-0.15415068
2010-08-14,0.07,0.15415068
2010-08-15,0.07,0
2010-08-16,0.07,0
2010-08-17,0.07,0
2010-08-18,0.07,0
2010-08-19,0.07,0
2010-08-20,0.07,0
2010-08-21,0.07,0
2010-08-22,0.07,0
2010-08-23,0.06,-0.15415068
2010-08-24,0.06,0
2010-08-25,0.06,0
2010-08-26,0.06,0
2010-08-27,0.06,0
2010-08-28,0.06,0
2010-08-29,0.06,0
2010-08-30,0.06,0
2010-08-31,0.06,0
2010-09-01,0.06,0
2010-09-02,0.06,0
2010-09-03,0.06,0
2010-09-04,0.06,0
2010-09-05,0.06,0
2010-09-06,0.06,0
2010-09-07,0.06,0
2010-09-08,0.06,0
2010-09-09,0.06,0
2010-09-10,0.06,0
2010-09-11,0.06,0
2010-09-12,0.06,0
2010-09-13,0.06,0
2010-09-14,0.06,0
2010-09-15,0.06,0
2010-09-16,0.06,0
2010-09-17,0.06,0
2010-09-18,0.06,0
2010-09-19,0.06,0
2010-09-20,0.06,0
2010-09-21,0.06,0
2010-09-22,0.06,0
2010-09-23,0.06,0
2010-09-24,0.06,0
2010-09-25,0.06,0
2010-09-26,0.06,0
2010-09-27,0.06,0
2010-09-28,0.06,0
2010-09-29,0.06,0
2010-09-30,0.06,0
2010-10-01,0.06,0
2010-10-02,0.06,0
2010-10-03,0.06,0
2010-10-04,0.06,0
2010-10-05,0.06,0
2010-10-06,0.06,0
2010-10-07,0.07,0.15415068
2010-10-08,0.09,0.251314428
2010-10-09,0.09,0
2010-10-10,0.1,0.105360516
2010-10-11,0.09,-0.105360516
2010-10-12,0.09,0
2010-10-13,0.1,0.105360516
2010-10-14,0.1,0
2010-10-15,0.1,0
2010-10-16,0.1,0
2010-10-17,0.1,0
2010-10-18,0.1,0
2010-10-19,0.1,0
2010-10-20,0.1,0
2010-10-21,0.11,0.09531018
2010-10-22,0.1,-0.09531018
2010-10-23,0.11,0.09531018
2010-10-24,0.11,0
2010-10-25,0.13,0.167054085
2010-10-26,0.15,0.143100844
2010-10-27,0.19,0.236388778
2010-10-28,0.17,-0.111225635
2010-10-29,0.19,0.111225635
2010-10-30,0.2,0.051293294
2010-10-31,0.19,-0.051293294
2010-11-01,0.2,0.051293294
2010-11-02,0.19,-0.051293294
2010-11-03,0.19,0
2010-11-04,0.23,0.191055237
2010-11-05,0.26,0.122602322
2010-11-06,0.39,0.405465108
2010-11-07,0.34,-0.137201122
2010-11-08,0.24,-0.348306694
2010-11-09,0.21,-0.133531393
2010-11-10,0.24,0.133531393
2010-11-11,0.22,-0.087011377
2010-11-12,0.27,0.204794413
2010-11-13,0.28,0.036367644
2010-11-14,0.28,0
2010-11-15,0.27,-0.036367644
2010-11-16,0.22,-0.204794413
2010-11-17,0.23,0.044451763
2010-11-18,0.27,0.16034265
2010-11-19,0.28,0.036367644
2010-11-20,0.28,0
2010-11-21,0.28,0
2010-11-22,0.29,0.03509132
2010-11-23,0.28,-0.03509132
2010-11-24,0.28,0
2010-11-25,0.28,0
2010-11-26,0.28,0
2010-11-27,0.28,0
2010-11-28,0.27,-0.036367644
2010-11-29,0.23,-0.16034265
2010-11-30,0.21,-0.090971778
2010-12-01,0.23,0.090971778
2010-12-02,0.25,0.083381609
2010-12-03,0.25,0
2010-12-04,0.2,-0.223143551
2010-12-05,0.19,-0.051293294
2010-12-06,0.2,0.051293294
2010-12-07,0.23,0.139761942
2010-12-08,0.24,0.042559614
2010-12-09,0.2,-0.182321557
2010-12-10,0.2,0
2010-12-11,0.23,0.139761942
2010-12-12,0.22,-0.044451763
2010-12-13,0.23,0.044451763
2010-12-14,0.25,0.083381609
2010-12-15,0.24,-0.040821995
2010-12-16,0.25,0.040821995
2010-12-17,0.24,-0.040821995
2010-12-18,0.24,0
2010-12-19,0.24,0
2010-12-20,0.27,0.117783036
2010-12-21,0.24,-0.117783036
2010-12-22,0.25,0.040821995
2010-12-23,0.25,0
2010-12-24,0.25,0
2010-12-25,0.25,0
2010-12-26,0.26,0.039220713
2010-12-27,0.26,0
2010-12-28,0.28,0.074107972
2010-12-29,0.3,0.068992871
2010-12-30,0.3,0
2010-12-31,0.3,0
2011-01-01,0.3,0
2011-01-02,0.3,0
2011-01-03,0.29,-0.033901552
2011-01-04,0.3,0.033901552
2011-01-05,0.3,0
2011-01-06,0.3,0
2011-01-07,0.32,0.064538521
2011-01-08,0.32,0
2011-01-09,0.32,0
2011-01-10,0.33,0.030771659
2011-01-11,0.33,0
2011-01-12,0.32,-0.030771659
2011-01-13,0.32,0
2011-01-14,0.4,0.223143551
2011-01-15,0.39,-0.025317808
2011-01-16,0.39,0
2011-01-17,0.35,-0.108213585
2011-01-18,0.31,-0.121360857
2011-01-19,0.31,0
2011-01-20,0.39,0.229574442
2011-01-21,0.42,0.074107972
2011-01-22,0.44,0.046520016
2011-01-23,0.44,0
2011-01-24,0.42,-0.046520016
2011-01-25,0.41,-0.024097552
2011-01-26,0.42,0.024097552
2011-01-27,0.42,0
2011-01-28,0.45,0.068992871
2011-01-29,0.44,-0.022472856
2011-01-30,0.48,0.087011377
2011-01-31,0.52,0.080042708
2011-02-01,0.7,0.297251523
2011-02-02,0.72,0.028170877
2011-02-03,0.69,-0.042559614
2011-02-04,0.81,0.16034265
2011-02-05,0.92,0.127339422
2011-02-06,0.9,-0.021978907
2011-02-07,0.89,-0.011173301
2011-02-08,0.92,0.033152207
2011-02-09,1.09,0.169559305
2011-02-10,0.98,-0.106380404
2011-02-11,1.07,0.087861356
2011-02-12,1.08,0.009302393
2011-02-13,1.05,-0.028170877
2011-02-14,1.07,0.018868484
2011-02-15,1.05,-0.018868484
2011-02-16,1.04,-0.009569451
2011-02-17,1.04,0
2011-02-18,0.9,-0.144581229
2011-02-19,0.95,0.054067221
2011-02-20,0.85,-0.111225635
2011-02-21,0.83,-0.023810649
2011-02-22,0.87,0.047067511
2011-02-23,0.9,0.033901552
2011-02-24,1,0.105360516
2011-02-25,0.91,-0.094310679
2011-02-26,0.96,0.053488685
2011-02-27,0.89,-0.075711822
2011-02-28,0.86,-0.034289073
2011-03-01,0.92,0.067441281
2011-03-02,0.94,0.021506205
2011-03-03,0.94,0
2011-03-04,0.9,-0.043485112
2011-03-05,0.91,0.011049836
2011-03-06,0.9,-0.011049836
2011-03-07,0.88,-0.022472856
2011-03-08,0.87,-0.011428696
2011-03-09,0.86,-0.011560822
2011-03-10,0.93,0.078252197
2011-03-11,0.88,-0.055262679
2011-03-12,0.92,0.044451763
2011-03-13,0.89,-0.033152207
2011-03-14,0.89,0
2011-03-15,0.87,-0.022728251
2011-03-16,0.86,-0.011560822
2011-03-17,0.83,-0.035506688
2011-03-18,0.82,-0.012121361
2011-03-19,0.76,-0.075985907
2011-03-20,0.74,-0.026668247
2011-03-21,0.76,0.026668247
2011-03-22,0.81,0.063715814
2011-03-23,0.85,0.048202102
2011-03-24,0.87,0.023256862
2011-03-25,0.88,0.011428696
2011-03-26,0.86,-0.022989518
2011-03-27,0.82,-0.047628049
2011-03-28,0.8,-0.024692613
2011-03-29,0.79,-0.012578782
2011-03-30,0.79,0
2011-03-31,0.78,-0.012739026
2011-04-01,0.77,-0.012903405
2011-04-02,0.78,0.012903405
2011-04-03,0.78,0
2011-04-04,0.68,-0.137201122
2011-04-05,0.71,0.043172172
2011-04-06,0.74,0.041385216
2011-04-07,0.75,0.01342302
2011-04-08,0.75,0
2011-04-09,0.73,-0.027028672
2011-04-10,0.74,0.013605652
2011-04-11,0.77,0.039740329
2011-04-12,0.86,0.110541874
2011-04-13,0.92,0.067441281
2011-04-14,1,0.083381609
2011-04-15,0.99,-0.010050336
2011-04-16,1.05,0.0588405
2011-04-17,1.11,0.055569851
2011-04-18,1.16,0.04405999
2011-04-19,1.2,0.033901552
2011-04-20,1.14,-0.051293294
2011-04-21,1.21,0.059592097
2011-04-22,1.41,0.152969345
2011-04-23,1.7,0.187038547
2011-04-24,1.63,-0.042048236
2011-04-25,1.56,-0.043894194
2011-04-26,1.79,0.137529799
2011-04-27,1.9,0.059638266
2011-04-28,2.21,0.151138629
2011-04-29,2.88,0.264797779
2011-04-30,3.5,0.194972674
2011-05-01,3.03,-0.144200349
2011-05-02,3.2,0.05458819
2011-05-03,3.41,0.063561481
2011-05-04,3.41,0
2011-05-05,3.33,-0.023739987
2011-05-06,3.45,0.035401927
2011-05-07,3.64,0.053609451
2011-05-08,3.87,0.061270825
2011-05-09,3.8,-0.01825344
2011-05-10,5.81,0.424579504
2011-05-11,5.5,-0.054832479
2011-05-12,6.3,0.135801541
2011-05-13,8.2,0.263584521
2011-05-14,7.2,-0.130053128
2011-05-15,6.99,-0.02960047
2011-05-16,8.03,0.138703972
2011-05-17,7.19,-0.110493356
2011-05-18,6.88,-0.04407252
2011-05-19,6.8,-0.01169604
2011-05-20,5.59,-0.195943325
2011-05-21,6.12,0.090582809
2011-05-22,6.69,0.089051778
2011-05-23,7.15,0.066498483
2011-05-24,7.42,0.0370667
2011-05-25,8.4,0.124052649
2011-05-26,8.8,0.046520016
2011-05-27,8.5,-0.034685558
2011-05-28,8.3,-0.023810649
2011-05-29,8.43,0.015541257
2011-05-30,8.8,0.042954949
2011-05-31,8.74,-0.006841532
2011-06-01,9.57,0.090723016
2011-06-02,10.6,0.102220796
2011-06-03,14.29,0.298705991
2011-06-04,18.89,0.27907269
2011-06-05,16.7,-0.123223962
2011-06-06,18.55,0.10506107
2011-06-07,23.92,0.25424514
2011-06-08,29.6,0.213059432
2011-06-09,28.92,-0.023240964
2011-06-10,23.95,-0.188565073
2011-06-11,14.65,-0.491527988
2011-06-12,18.55,0.236029454
2011-06-13,19.84,0.067230313
2011-06-14,19.28,-0.028631813
2011-06-15,19.49,0.010833224
2011-06-16,17,-0.136688169
2011-06-17,15.68,-0.080827329
2011-06-18,16.89,0.074335716
2011-06-19,17.51,0.036050415
2011-06-20,17.51,0
2011-06-21,17.51,0
2011-06-22,17.51,0
2011-06-23,17.51,0
2011-06-24,17.51,0
2011-06-25,17.51,0
2011-06-26,16.45,-0.062446669
2011-06-27,16.75,0.018072781
2011-06-28,16.95,0.011869576
2011-06-29,16.84,-0.006510825
2011-06-30,16.1,-0.044937737
2011-07-01,15.4,-0.044451763
2011-07-02,15.4,0
2011-07-03,15.44,0.002594035
2011-07-04,13.86,-0.107954551
2011-07-05,12.91,-0.071004789
2011-07-06,14.78,0.135272711
2011-07-07,14.78,0
2011-07-08,14.31,-0.032316322
2011-07-09,14.38,0.004879759
2011-07-10,14.9,0.035522861
2011-07-11,14.21,-0.047415271
2011-07-12,14.01,-0.014174582
2011-07-13,13.95,-0.004291852
2011-07-14,13.99,0.00286328
2011-07-15,13.81,-0.012949821
2011-07-16,13.72,-0.006538345
2011-07-17,13.16,-0.041672696
2011-07-18,13.48,0.02402518
2011-07-19,13.85,0.027078127
2011-07-20,13.69,-0.011619593
2011-07-21,13.61,-0.005860823
2011-07-22,13.7,0.006591016
2011-07-23,13.68,-0.001460921
2011-07-24,13.98,0.021692825
2011-07-25,14.05,0.004994659
2011-07-26,13.88,-0.012173441
2011-07-27,13.94,0.00431345
2011-07-28,13.49,-0.032813735
2011-07-29,13.5,0.000741015
2011-07-30,13.53,0.002219757
2011-07-31,13.35,-0.013393057
2011-08-01,13.09,-0.019667805
2011-08-02,12.05,-0.08278392
2011-08-03,9.26,-0.263360611
2011-08-04,10.75,0.149201706
2011-08-05,9.8,-0.092523369
2011-08-06,6.55,-0.402917336
2011-08-07,7.9,0.18739771
2011-08-08,7.8,-0.012739026
2011-08-09,9.99,0.247460859
2011-08-10,9.98,-0.001001502
2011-08-11,9.46,-0.053510707
2011-08-12,9.46,0
2011-08-13,10.13,0.068428935
2011-08-14,10.8,0.064044816
2011-08-15,11.15,0.031893364
2011-08-16,10.96,-0.017187216
2011-08-17,10.95,-0.000912825
2011-08-18,10.83,-0.011019395
2011-08-19,11.65,0.072986119
2011-08-20,11.45,-0.01731645
2011-08-21,11.31,-0.01230244
2011-08-22,10.89,-0.037842353
2011-08-23,10.94,0.00458086
2011-08-24,10.85,-0.008260717
2011-08-25,9.66,-0.116171432
2011-08-26,8.18,-0.166301498
2011-08-27,8.59,0.048906585
2011-08-28,9.07,0.054373528
2011-08-29,8.97,-0.011086588
2011-08-30,8.79,-0.020270964
2011-08-31,8.2,-0.069480557
2011-09-01,8.21,0.001218769
2011-09-02,8.64,0.051049659
2011-09-03,8.48,-0.018692133
2011-09-04,8.18,-0.036018299
2011-09-05,7.61,-0.072228979
2011-09-06,6.86,-0.10375573
2011-09-07,7.19,0.04698373
2011-09-08,6.53,-0.096284228
2011-09-09,5.03,-0.260986959
2011-09-10,4.77,-0.053073679
2011-09-11,5.86,0.205803299
2011-09-12,6.08,0.036855092
2011-09-13,5.8,-0.047146778
2011-09-14,5.62,-0.031526254
2011-09-15,4.84,-0.149416943
2011-09-16,4.82,-0.004140793
2011-09-17,4.77,-0.010427623
2011-09-18,5.2,0.086312321
2011-09-19,5.46,0.048790164
2011-09-20,6.11,0.112477983
2011-09-21,5.61,-0.085376054
2011-09-22,5.43,-0.032611586
2011-09-23,5.55,0.021858794
2011-09-24,5.47,-0.014519311
2011-09-25,5.33,-0.025927378
2011-09-26,4.87,-0.090257301
2011-09-27,4.92,0.010214593
2011-09-28,4.77,-0.030962226
2011-09-29,4.78,0.002094242
2011-09-30,5.14,0.072612533
2011-10-01,5.03,-0.021633095
2011-10-02,5.03,0
2011-10-03,5.02,-0.00199005
2011-10-04,4.96,-0.012024193
2011-10-05,4.87,-0.018311804
2011-10-06,4.73,-0.029168735
2011-10-07,4.27,-0.102311375
2011-10-08,4.01,-0.062822586
2011-10-09,4.1,0.022195732
2011-10-10,4.1,0
2011-10-11,3.93,-0.042347548
2011-10-12,4.15,0.054468908
2011-10-13,4.05,-0.024391453
2011-10-14,3.99,-0.01492565
2011-10-15,3.84,-0.038318864
2011-10-16,3.56,-0.075711822
2011-10-17,2.56,-0.329753286
2011-10-18,2.42,-0.056239718
2011-10-19,2.27,-0.063987709
2011-10-20,2.35,0.034635497
2011-10-21,2.57,0.089490571
2011-10-22,3.16,0.206666129
2011-10-23,3.17,0.00315956
2011-10-24,2.54,-0.221567507
2011-10-25,2.77,0.086683239
2011-10-26,2.77,0
2011-10-27,3.04,0.093010195
2011-10-28,3.19,0.048163401
2011-10-29,3.58,0.115341884
2011-10-30,3.27,-0.090572816
2011-10-31,3.25,-0.006134989
2011-11-01,3.15,-0.031252544
2011-11-02,3.25,0.031252544
2011-11-03,3.15,-0.031252544
2011-11-04,3.11,-0.012779727
2011-11-05,2.97,-0.046060773
2011-11-06,2.96,-0.003372684
2011-11-07,3.01,0.01675081
2011-11-08,3.03,0.006622541
2011-11-09,2.95,-0.026757449
2011-11-10,2.84,-0.038001118
2011-11-11,3.08,0.081125545
2011-11-12,3.03,-0.016366977
2011-11-13,3,-0.009950331
2011-11-14,2.22,-0.301105093
2011-11-15,2.33,0.048361072
2011-11-16,2.56,0.094138991
2011-11-17,2.25,-0.129077042
2011-11-18,2.05,-0.093090423
2011-11-19,2.2,0.070617567
2011-11-20,2.2,0
2011-11-21,2.29,0.040094457
2011-11-22,2.33,0.01731645
2011-11-23,2.33,0
2011-11-24,2.43,0.04202299
2011-11-25,2.51,0.032391496
2011-11-26,2.47,-0.016064603
2011-11-27,2.48,0.00404041
2011-11-28,2.55,0.027834799
2011-11-29,2.75,0.075507553
2011-11-30,2.97,0.076961041
2011-12-01,3.06,0.029852963
2011-12-02,3.12,0.019418086
2011-12-03,2.79,-0.111791406
2011-12-04,2.83,0.014235116
2011-12-05,2.88,0.017513582
2011-12-06,3.03,0.050772325
2011-12-07,2.99,-0.013289232
2011-12-08,2.98,-0.003350087
2011-12-09,2.97,-0.003361348
2011-12-10,3.05,0.026579638
2011-12-11,3.25,0.063513406
2011-12-12,3.13,-0.037621992
2011-12-13,3.25,0.037621992
2011-12-14,3.15,-0.031252544
2011-12-15,3.2,0.015748357
2011-12-16,3.2,0
2011-12-17,3.2,0
2011-12-18,3.19,-0.003129893
2011-12-19,3.52,0.098440073
2011-12-20,3.95,0.115254589
2011-12-21,3.89,-0.015306421
2011-12-22,3.89,0
2011-12-23,3.95,0.015306421
2011-12-24,3.94,-0.002534856
2011-12-25,4.22,0.068654405
2011-12-26,4.02,-0.048553225
2011-12-27,4.07,0.012361097
2011-12-28,4.19,0.029057734
2011-12-29,4.17,-0.004784698
2011-12-30,4.25,0.019002947
2011-12-31,4.72,0.104889817
2012-01-01,5.27,0.110221563
2012-01-02,5.22,-0.009532961
2012-01-03,4.88,-0.067352182
2012-01-04,5.57,0.132249834
2012-01-05,6.95,0.221346606
2012-01-06,6.7,-0.036634133
2012-01-07,6.81,0.016284594
2012-01-08,7.11,0.043110124
2012-01-09,6.33,-0.116202008
2012-01-10,6.36,0.004728141
2012-01-11,6.9,0.081493034
2012-01-12,6.8,-0.014598799
2012-01-13,6.41,-0.059063341
2012-01-14,6.75,0.051683234
2012-01-15,7,0.036367644
2012-01-16,6.68,-0.046792162
2012-01-17,5.6,-0.17635139
2012-01-18,5.92,0.055569851
2012-01-19,6.36,0.071691928
2012-01-20,6.49,0.020234153
2012-01-21,6.18,-0.048944259
2012-01-22,6.31,0.020817405
2012-01-23,6.36,0.007892701
2012-01-24,6.29,-0.011067307
2012-01-25,5.75,-0.089761216
2012-01-26,5.34,-0.073974202
2012-01-27,5.29,-0.009407407
2012-01-28,5.63,0.062291196
2012-01-29,5.38,-0.045421068
2012-01-30,5.49,0.020239881
2012-01-31,5.48,-0.001823155
2012-02-01,6.08,0.103899595
2012-02-02,6.1,0.003284075
2012-02-03,5.96,-0.02321829
2012-02-04,5.87,-0.015215847
2012-02-05,5.69,-0.031144386
2012-02-06,5.45,-0.043094639
2012-02-07,5.69,0.043094639
2012-02-08,5.6,-0.01594365
2012-02-09,5.83,0.040250403
2012-02-10,5.91,0.013628831
2012-02-11,5.6,-0.053879234
2012-02-12,5.51,-0.016201975
2012-02-13,5.26,-0.046433596
2012-02-14,4.46,-0.164982261
2012-02-15,4.33,-0.029581224
2012-02-16,4.27,-0.013953715
2012-02-17,4.41,0.032260862
2012-02-18,4.22,-0.044039561
2012-02-19,4.39,0.039494099
2012-02-20,4.36,-0.00685717
2012-02-21,4.27,-0.02085823
2012-02-22,4.42,0.034525869
2012-02-23,5.01,0.125296219
2012-02-24,5.03,0.003984069
2012-02-25,4.77,-0.053073679
2012-02-26,4.92,0.030962226
2012-02-27,4.96,0.00809721
2012-02-28,4.87,-0.018311804
2012-02-29,4.86,-0.002055499
2012-03-01,4.92,0.012270093
2012-03-02,4.7,-0.045746022
2012-03-03,4.61,-0.019334652
2012-03-04,4.82,0.044546071
2012-03-05,4.98,0.032655963
2012-03-06,4.99,0.002006019
2012-03-07,4.94,-0.010070579
2012-03-08,4.93,-0.002026343
2012-03-09,4.86,-0.01430055
2012-03-10,4.83,-0.00619197
2012-03-11,4.91,0.016427474
2012-03-12,4.89,-0.004081638
2012-03-13,5.27,0.074838059
2012-03-14,5.38,0.020658012
2012-03-15,5.33,-0.009337136
2012-03-16,5.34,0.001874415
2012-03-17,5.22,-0.022728251
2012-03-18,5.28,0.011428696
2012-03-19,4.69,-0.118493515
2012-03-20,4.84,0.031482138
2012-03-21,4.81,-0.006217637
2012-03-22,4.7,-0.023134575
2012-03-23,4.69,-0.002129926
2012-03-24,4.68,-0.002134473
2012-03-25,4.55,-0.028170877
2012-03-26,4.62,0.015267472
2012-03-27,4.81,0.040302379
2012-03-28,4.79,-0.004166673
2012-03-29,4.81,0.004166673
2012-03-30,4.86,0.010341354
2012-03-31,4.91,0.010235504
2012-04-01,4.83,-0.016427474
2012-04-02,4.97,0.028573372
2012-04-03,4.95,-0.004032264
2012-04-04,4.91,-0.008113635
2012-04-05,4.92,0.002034589
2012-04-06,4.95,0.006079046
2012-04-07,4.69,-0.053954994
2012-04-08,4.79,0.021097829
2012-04-09,4.87,0.016563526
2012-04-10,4.84,-0.006179216
2012-04-11,4.93,0.018424267
2012-04-12,4.92,-0.002030458
2012-04-13,4.94,0.004056801
2012-04-14,4.96,0.00404041
2012-04-15,4.97,0.002014099
2012-04-16,4.93,-0.008080852
2012-04-17,4.98,0.010090903
2012-04-18,5.12,0.027724548
2012-04-19,5.14,0.00389864
2012-04-20,5.35,0.040043481
2012-04-21,5.26,-0.016965534
2012-04-22,5.2,-0.011472401
2012-04-23,4.96,-0.047252885
2012-04-24,5.1,0.027834799
2012-04-25,5.13,0.005865119
2012-04-26,5.1,-0.005865119
2012-04-27,5.11,0.001958864
2012-04-28,4.98,-0.025769513
2012-04-29,4.9,-0.016194686
2012-04-30,4.95,0.010152371
2012-05-01,5,0.010050336
2012-05-02,5.07,0.013902905
2012-05-03,5.13,0.011764842
2012-05-04,5.07,-0.011764842
2012-05-05,5.08,0.001970444
2012-05-06,5.05,-0.005923018
2012-05-07,5.06,0.00197824
2012-05-08,5.05,-0.00197824
2012-05-09,5.04,-0.001982161
2012-05-10,4.85,-0.038427377
2012-05-11,4.96,0.022427036
2012-05-12,4.95,-0.002018164
2012-05-13,4.93,-0.004048589
2012-05-14,5.01,0.016096927
2012-05-15,5.03,0.003984069
2012-05-16,5.09,0.011857846
2012-05-17,5.1,0.001962709
2012-05-18,5.12,0.003913899
2012-05-19,5.1,-0.003913899
2012-05-20,5.09,-0.001962709
2012-05-21,5.1,0.001962709
2012-05-22,5.1,0
2012-05-23,5.14,0.00781254
2012-05-24,5.12,-0.00389864
2012-05-25,5.15,0.005842276
2012-05-26,5.1,-0.009756175
2012-05-27,5.14,0.00781254
2012-05-28,5.14,0
2012-05-29,5.15,0.001943635
2012-05-30,5.13,-0.003891055
2012-05-31,5.18,0.009699397
2012-06-01,5.27,0.017225306
2012-06-02,5.25,-0.003802286
2012-06-03,5.21,-0.007648221
2012-06-04,5.27,0.011450507
2012-06-05,5.44,0.031748698
2012-06-06,5.46,0.003669729
2012-06-07,5.59,0.023530497
2012-06-08,5.63,0.007130155
2012-06-09,5.56,-0.012511334
2012-06-10,5.47,-0.016319492
2012-06-11,5.57,0.018116438
2012-06-12,5.7,0.023071121
2012-06-13,5.93,0.039558038
2012-06-14,5.95,0.003367007
2012-06-15,6.5,0.088410957
2012-06-16,6.4,-0.015504187
2012-06-17,6.16,-0.038221213
2012-06-18,6.31,0.024058899
2012-06-19,6.5,0.0296665
2012-06-20,6.67,0.025817683
2012-06-21,6.68,0.001498128
2012-06-22,6.55,-0.019652938
2012-06-23,6.43,-0.018490511
2012-06-24,6.35,-0.012519725
2012-06-25,6.3,-0.00790518
2012-06-26,6.42,0.018868484
2012-06-27,6.65,0.035198737
2012-06-28,6.61,-0.006033201
2012-06-29,6.65,0.006033201
2012-06-30,6.69,0.005997019
2012-07-01,6.63,-0.00900907
2012-07-02,6.76,0.019418086
2012-07-03,6.45,-0.046942759
2012-07-04,6.51,0.009259325
2012-07-05,6.67,0.024280404
2012-07-06,6.65,-0.003003005
2012-07-07,6.76,0.016406035
2012-07-08,6.8,0.005899722
2012-07-09,7.02,0.031840606
2012-07-10,7.2,0.025317808
2012-07-11,7.15,-0.006968669
2012-07-12,7.76,0.081869977
2012-07-13,7.67,-0.011665719
2012-07-14,7.54,-0.017094433
2012-07-15,7.62,0.010554188
2012-07-16,8.5,0.109289794
2012-07-17,8.8,0.034685558
2012-07-18,9.11,0.03462099
2012-07-19,8.87,-0.026697915
2012-07-20,8.52,-0.040258455
2012-07-21,8.85,0.038001118
2012-07-22,8.41,-0.050995985
2012-07-23,8.45,0.004744967
2012-07-24,8.6,0.017595762
2012-07-25,8.8,0.022989518
2012-07-26,8.9,0.011299555
2012-07-27,8.9,0
2012-07-28,8.89,-0.001124227
2012-07-29,8.71,-0.020455259
2012-07-30,9.1,0.043802623
2012-07-31,9.35,0.02710193
2012-08-01,9.55,0.021164811
2012-08-02,10.53,0.097687172
2012-08-03,10.97,0.040935948
2012-08-04,10.98,0.000911162
2012-08-05,10.87,-0.010068735
2012-08-06,10.86,-0.000920387
2012-08-07,11.1,0.021858794
2012-08-08,11.06,-0.003610112
2012-08-09,11.06,0
2012-08-10,11.39,0.029400781
2012-08-11,11.51,0.010480445
2012-08-12,11.62,0.009511529
2012-08-13,12.04,0.035506688
2012-08-14,12.19,0.012381504
2012-08-15,13.25,0.083381609
2012-08-16,13.5,0.018692133
2012-08-17,11.58,-0.153410213
2012-08-18,11.61,0.002587324
2012-08-19,8,-0.372425254
2012-08-20,10.1,0.233093882
2012-08-21,9.91,-0.018991076
2012-08-22,9.81,-0.010142075
2012-08-23,10.1,0.02913315
2012-08-24,10.6,0.048318577
2012-08-25,10.52,-0.007575794
2012-08-26,10.61,0.008518745
2012-08-27,10.95,0.031542504
2012-08-28,10.94,-0.000913659
2012-08-29,10.92,-0.001829827
2012-08-30,10.78,-0.012903405
2012-08-31,10.16,-0.059234123
2012-09-01,9.97,-0.018877858
2012-09-02,10.2,0.022807136
2012-09-03,10.53,0.031840606
2012-09-04,10.38,-0.014347448
2012-09-05,11,0.058014395
2012-09-06,11.18,0.016231195
2012-09-07,11,-0.016231195
2012-09-08,11.04,0.003629768
2012-09-09,11.02,-0.001813237
2012-09-10,11.17,0.013519809
2012-09-11,11.33,0.014222462
2012-09-12,11.36,0.002644338
2012-09-13,11.4,0.003514942
2012-09-14,11.67,0.023408091
2012-09-15,11.75,0.006831794
2012-09-16,11.87,0.010160968
2012-09-17,11.89,0.001683502
2012-09-18,12.25,0.029828226
2012-09-19,12.57,0.025787086
2012-09-20,12.28,-0.0233411
2012-09-21,12.37,0.007302264
2012-09-22,12.24,-0.010564909
2012-09-23,12.19,-0.004093334
2012-09-24,12.1,-0.007410491
2012-09-25,12.2,0.008230499
2012-09-26,12.27,0.005721307
2012-09-27,12.31,0.003254681
2012-09-28,12.39,0.006477755
2012-09-29,12.36,-0.002424244
2012-09-30,12.4,0.003231021
2012-10-01,12.4,0
2012-10-02,12.84,0.034868826
2012-10-03,12.89,0.003886519
2012-10-04,12.85,-0.003108006
2012-10-05,12.69,-0.01252953
2012-10-06,12.5,-0.015085637
2012-10-07,11.8,-0.057629113
2012-10-08,11.78,-0.001696353
2012-10-09,11.89,0.009294532
2012-10-10,12.12,0.01915927
2012-10-11,12.03,-0.007453451
2012-10-12,12,-0.00249688
2012-10-13,11.86,-0.011735256
2012-10-14,11.74,-0.010169579
2012-10-15,11.84,0.008481815
2012-10-16,11.85,0.000844238
2012-10-17,11.81,-0.003381237
2012-10-18,11.94,0.010947478
2012-10-19,11.74,-0.016892294
2012-10-20,11.74,0
2012-10-21,11.63,-0.009413848
2012-10-22,11.71,0.006855211
2012-10-23,11.65,-0.005136998
2012-10-24,11.65,0
2012-10-25,10.86,-0.070219866
2012-10-26,10.17,-0.065644104
2012-10-27,10.26,0.00881063
2012-10-28,10.7,0.041990902
2012-10-29,10.6,-0.00938974
2012-10-30,10.89,0.026990936
2012-10-31,11.2,0.028068841
2012-11-01,10.57,-0.057893978
2012-11-02,10.47,-0.009505775
2012-11-03,10.64,0.016106459
2012-11-04,10.8,0.01492565
2012-11-05,10.75,-0.00464038
2012-11-06,10.9,0.013857035
2012-11-07,10.92,0.001833181
2012-11-08,10.92,0
2012-11-09,10.81,-0.010124339
2012-11-10,10.89,0.007373305
2012-11-11,10.87,-0.001838236
2012-11-12,11.01,0.01279725
2012-11-13,10.95,-0.005464494
2012-11-14,10.95,0
2012-11-15,11.2,0.022574322
2012-11-16,11.75,0.047939462
2012-11-17,11.79,0.003398474
2012-11-18,11.65,-0.011945535
2012-11-19,11.8,0.012793351
2012-11-20,11.73,-0.005949869
2012-11-21,11.77,0.003404259
2012-11-22,12.42,0.053754155
2012-11-23,12.34,-0.006462058
2012-11-24,12.41,0.005656581
2012-11-25,12.48,0.005624764
2012-11-26,12.25,-0.018601426
2012-11-27,12.2,-0.004089985
2012-11-28,12.35,0.012220111
2012-11-29,12.45,0.00806456
2012-11-30,12.56,0.008796538
2012-12-01,12.56,0
2012-12-02,12.5,-0.004788517
2012-12-03,12.68,0.014297305
2012-12-04,13.41,0.055974748
2012-12-05,13.38,-0.002239643
2012-12-06,13.3,-0.005997019
2012-12-07,13.5,0.01492565
2012-12-08,13.42,-0.005943554
2012-12-09,13.39,-0.002237972
2012-12-10,13.43,0.002982851
2012-12-11,13.56,0.009633272
2012-12-12,13.7,0.01027155
2012-12-13,13.7,0
2012-12-14,13.6,-0.00732604
2012-12-15,13.49,-0.008121123
2012-12-16,13.3,-0.014184635
2012-12-17,13.25,-0.003766483
2012-12-18,13.3,0.003766483
2012-12-19,13.6,0.022305758
2012-12-20,13.52,-0.005899722
2012-12-21,13.5,-0.001480385
2012-12-22,13.37,-0.009676294
2012-12-23,13.31,-0.004497759
2012-12-24,13.38,0.005245422
2012-12-25,13.35,-0.00224467
2012-12-26,13.47,0.008948606
2012-12-27,13.42,-0.003718859
2012-12-28,13.42,0
2012-12-29,13.4,-0.001491425
2012-12-30,13.45,0.003724399
2012-12-31,13.51,0.004451046
2013-01-01,13.3,-0.015666117
2013-01-02,13.28,-0.001504891
2013-01-03,13.4,0.008995563
2013-01-04,13.5,0.007434978
2013-01-05,13.44,-0.00445435
2013-01-06,13.45,0.000743771
2013-01-07,13.59,0.010355122
2013-01-08,13.74,0.010977059
2013-01-09,13.77,0.002181026
2013-01-10,14.14,0.026515348
2013-01-11,14.14,0
2013-01-12,14.24,0.007047246
2013-01-13,14.12,-0.008462674
2013-01-14,14.3,0.012667305
2013-01-15,14.25,-0.003502631
2013-01-16,14.73,0.033129324
2013-01-17,15.5,0.050953793
2013-01-18,15.7,0.012820688
2013-01-19,15.61,-0.005748978
2013-01-20,15.7,0.005748978
2013-01-21,16.8,0.067718174
2013-01-22,17.26,0.027012799
2013-01-23,17.5,0.013809195
2013-01-24,16.9,-0.034887259
2013-01-25,17.4,0.029156584
2013-01-26,17.88,0.027212564
2013-01-27,17.82,-0.003361348
2013-01-28,18.72,0.049271049
2013-01-29,19.53,0.042359274
2013-01-30,19.7,0.008666891
2013-01-31,20.41,0.035406341
2013-02-01,20.5,0.004399909
2013-02-02,19.63,-0.043365878
2013-02-03,20.59,0.047746513
2013-02-04,20.43,-0.007801112
2013-02-05,20.6,0.008286667
2013-02-06,21.18,0.027766264
2013-02-07,22.15,0.044780156
2013-02-08,22.66,0.022763759
2013-02-09,23.65,0.042761859
2013-02-10,23.97,0.013439934
2013-02-11,24.65,0.027973852
2013-02-12,25.17,0.020875909
2013-02-13,24.2,-0.039300176
2013-02-14,27.22,0.117599364
2013-02-15,27.1,-0.004418269
2013-02-16,27.22,0.004418269
2013-02-17,26.81,-0.015177045
2013-02-18,26.95,0.005208345
2013-02-19,29.42,0.087691418
2013-02-20,29.64,0.007450085
2013-02-21,29.75,0.003704332
2013-02-22,30.25,0.016667052
2013-02-23,29.8,-0.014987791
2013-02-24,29.89,0.003015583
2013-02-25,30.4,0.016918632
2013-02-26,31.1,0.022765211
2013-02-27,30.9,-0.006451635
2013-02-28,33.38,0.077200734
2013-03-01,34.5,0.033002406
2013-03-02,34.25,-0.007272759
2013-03-03,34.5,0.007272759
2013-03-04,36.15,0.046717625
2013-03-05,40.33,0.10941866
2013-03-06,41.02,0.016964144
2013-03-07,42,0.023609866
2013-03-08,44.18,0.05060258
2013-03-09,46.85,0.058678811
2013-03-10,46,-0.018309612
2013-03-11,48.4,0.050858417
2013-03-12,44.29,-0.088740896
2013-03-13,46.92,0.057685106
2013-03-14,47.17,0.005314074
2013-03-15,46.95,-0.004674892
2013-03-16,47,0.001064396
2013-03-17,47.4,0.008474627
2013-03-18,51.6,0.084899444
2013-03-19,59.14,0.136385842
2013-03-20,64.49,0.086602659
2013-03-21,70.85,0.094054793
2013-03-22,69.86,-0.014071727
2013-03-23,64.35,-0.082156305
2013-03-24,71.5,0.105360516
2013-03-25,73.6,0.028947576
2013-03-26,78.5,0.064453599
2013-03-27,88.92,0.124638464
2013-03-28,86.18,-0.031298957
2013-03-29,90.5,0.048911719
2013-03-30,92.19,0.018501814
2013-03-31,93.03,0.009070357
2013-04-01,104,0.111468877
2013-04-02,117.98,0.126124219
2013-04-03,135,0.13475966
2013-04-04,132.12,-0.021564178
2013-04-05,142.32,0.074367443
2013-04-06,142.63,0.002175821
2013-04-07,162.3,0.12919261
2013-04-08,187.5,0.144332371
2013-04-09,230,0.204300464
2013-04-10,165,-0.332133835
2013-04-11,124.9,-0.278432057
2013-04-12,117,-0.065339482
2013-04-13,93,-0.229574442
2013-04-14,90,-0.032789823
2013-04-15,82.39,-0.0883456
2013-04-16,68.36,-0.186676212
2013-04-17,93.07,0.30856404
2013-04-18,109.01,0.158087723
2013-04-19,118.48,0.083304549
2013-04-20,126.62,0.066446305
2013-04-21,119.2,-0.06038772
2013-04-22,127.4,0.066528989
2013-04-23,143.47,0.118794211
2013-04-24,154.2,0.072124507
2013-04-25,141.71,-0.084467745
2013-04-26,136.9,-0.034531984
2013-04-27,128,-0.067220468
2013-04-28,134.44,0.049087739
2013-04-29,144,0.068695297
2013-04-30,139.23,-0.033686058
2013-05-01,116.38,-0.179266543
2013-05-02,106.25,-0.091065891
2013-05-03,98.1,-0.079807441
2013-05-04,112.9,0.140515105
2013-05-05,115.98,0.026915291
2013-05-06,112.25,-0.032689236
2013-05-07,109.6,-0.023891152
2013-05-08,113.2,0.032318791
2013-05-09,112.8,-0.003539827
2013-05-10,117.7,0.042522675
2013-05-11,115.64,-0.017657097
2013-05-12,114.82,-0.007116232
2013-05-13,117.98,0.027149434
2013-05-14,111.4,-0.057387791
2013-05-15,114.22,0.024999086
2013-05-16,118.21,0.034336291
2013-05-17,123.5,0.043778452
2013-05-18,123.21,-0.002350939
2013-05-19,122.5,-0.005779187
2013-05-20,122.02,-0.003926064
2013-05-21,122.89,0.007104681
2013-05-22,123.8,0.007377714
2013-05-23,126.3,0.019992669
2013-05-24,133.1,0.052440696
2013-05-25,131.99,-0.008374563
2013-05-26,133.5,0.011375316
2013-05-27,129.77,-0.028337825
2013-05-28,129,-0.005951248
2013-05-29,132.25,0.024881666
2013-05-30,128.8,-0.026433257
2013-05-31,128.82,0.000155267
2013-06-01,129.3,0.003719205
2013-06-02,122.5,-0.054024256
2013-06-03,120.74,-0.014471557
2013-06-04,121.4,0.005451405
2013-06-05,121.9,0.004110158
2013-06-06,118.97,-0.024329676
2013-06-07,111,-0.069341159
2013-06-08,107.89,-0.028418012
2013-06-09,100.44,-0.071551655
2013-06-10,106.35,0.057175007
2013-06-11,109,0.024612341
2013-06-12,108.78,-0.002020388
2013-06-13,103.95,-0.04541748
2013-06-14,100,-0.038739828
2013-06-15,99.8,-0.002002003
2013-06-16,99.9,0.001001502
2013-06-17,101.95,0.020312811
2013-06-18,107.35,0.051612027
2013-06-19,108.25,0.008348843
2013-06-20,111.29,0.02769604
2013-06-21,109.5,-0.016214858
2013-06-22,108.2,-0.011943183
2013-06-23,107.9,-0.002776494
2013-06-24,102.09,-0.055350095
2013-06-25,103.33,0.012072973
2013-06-26,104,0.006463149
2013-06-27,101.74,-0.02197036
2013-06-28,94.66,-0.072129015
2013-06-29,95,0.003585367
2013-06-30,97.51,0.026078045
2013-07-01,84.61,-0.141902474
2013-07-02,87.66,0.035413232
2013-07-03,76.89,-0.131089866
2013-07-04,77.68,0.010221995
2013-07-05,66.34,-0.15780479
2013-07-06,66.85,0.00765827
2013-07-07,72.51,0.08127318
2013-07-08,74.56,0.027879687
2013-07-09,74.22,-0.004570515
2013-07-10,84.51,0.129836215
2013-07-11,91.22,0.076404301
2013-07-12,88.46,-0.030723699
2013-07-13,91.39,0.032585591
2013-07-14,90.37,-0.011223709
2013-07-15,93.14,0.030191384
2013-07-16,92.74,-0.004303859
2013-07-17,90.54,-0.024008137
2013-07-18,85.43,-0.058094415
2013-07-19,85.78,0.004088552
2013-07-20,85.67,-0.001283173
2013-07-21,85.47,-0.002337269
2013-07-22,86.09,0.007227823
2013-07-23,86.94,0.009824965
2013-07-24,87.46,0.00596332
2013-07-25,89.41,0.022050987
2013-07-26,90.63,0.013552751
2013-07-27,89.1,-0.01702595
2013-07-28,92.1,0.033115609
2013-07-29,93.3,0.012945165
2013-07-30,96.31,0.031752048
2013-07-31,97.91,0.016476534
2013-08-01,96.42,-0.01533504
2013-08-02,97.24,0.0084685
2013-08-03,96.66,-0.005982483
2013-08-04,96.6,-0.000620925
2013-08-05,96.92,0.003307155
2013-08-06,97.13,0.002164391
2013-08-07,96.92,-0.002164391
2013-08-08,94.77,-0.022432992
2013-08-09,93.36,-0.014989916
2013-08-10,93.29,-0.000750067
2013-08-11,94.16,0.009282542
2013-08-12,95.08,0.00972318
2013-08-13,97.9,0.029227907
2013-08-14,97.96,0.000612683
2013-08-15,97.54,-0.004296682
2013-08-16,98.33,0.008066619
2013-08-17,99.56,0.012431309
2013-08-18,98.84,-0.007258096
2013-08-19,102.3,0.034407292
2013-08-20,105.01,0.026145911
2013-08-21,111.44,0.059430746
2013-08-22,109.73,-0.015463526
2013-08-23,107.55,-0.020066947
2013-08-24,108.69,0.010543938
2013-08-25,111.79,0.028122318
2013-08-26,112.23,0.003928226
2013-08-27,117.45,0.045462374
2013-08-28,117.59,0.001191287
2013-08-29,117.52,-0.000595466
2013-08-30,123.23,0.047443996
2013-08-31,129.46,0.049319425
2013-09-01,128.26,-0.009312499
2013-09-02,127.36,-0.007041732
2013-09-03,127.59,0.001804276
2013-09-04,120.57,-0.056591501
2013-09-05,120.53,-0.000331813
2013-09-06,116.32,-0.035553671
2013-09-07,119.05,0.023198559
2013-09-08,116.59,-0.020880066
2013-09-09,120.02,0.028994889
2013-09-10,121.46,0.011926595
2013-09-11,125.45,0.032322282
2013-09-12,125.76,0.002468056
2013-09-13,126.51,0.005946028
2013-09-14,124.08,-0.019394838
2013-09-15,124.58,0.004021561
2013-09-16,125.06,0.003845542
2013-09-17,125.97,0.007250161
2013-09-18,126.3,0.002616246
2013-09-19,124.19,-0.016847378
2013-09-20,122.9,-0.010441634
2013-09-21,122.64,-0.002117782
2013-09-22,122.65,8.15361E-05
2013-09-23,122.22,-0.003512071
2013-09-24,122.54,0.002614808
2013-09-25,123.42,0.007155666
2013-09-26,123.48,0.000486027
2013-09-27,123.5,0.000161956
2013-09-28,124.75,0.010070579
2013-09-29,125.18,0.003440967
2013-09-30,123.1,-0.016755668
2013-10-01,125.49,0.019229041
2013-10-02,99.81,-0.228957695
2013-10-03,116.82,0.15736591
2013-10-04,121.29,0.037550084
2013-10-05,121.14,-0.001237471
2013-10-06,121.68,0.004447746
2013-10-07,123.24,0.012739026
2013-10-08,124.32,0.008725213
2013-10-09,125.84,0.012152372
2013-10-10,125.7,-0.001113143
2013-10-11,125.51,-0.001512679
2013-10-12,126.52,0.008014962
2013-10-13,130.42,0.030359614
2013-10-14,133.04,0.019889823
2013-10-15,138.64,0.041230811
2013-10-16,137.42,-0.008838716
2013-10-17,142.73,0.037912804
2013-10-18,149.59,0.046943485
2013-10-19,159.81,0.066087391
2013-10-20,163.06,0.020132622
2013-10-21,174.18,0.065971016
2013-10-22,183.86,0.054085351
2013-10-23,200.62,0.087237973
2013-10-24,183.15,-0.091107082
2013-10-25,178.12,-0.027848009
2013-10-26,175.9,-0.012541829
2013-10-27,185.69,0.054162965
2013-10-28,187.87,0.011671618
2013-10-29,198.19,0.053475932
2013-10-30,194.55,-0.018536967
2013-10-31,198.23,0.018738773
2013-11-01,198.51,0.001411504
2013-11-02,200.85,0.011718884
2013-11-03,207.63,0.033199289
2013-11-04,225.2,0.081231247
2013-11-05,239.29,0.060687309
2013-11-06,253.69,0.058436844
2013-11-07,283.3,0.110393358
2013-11-08,323.77,0.13352698
2013-11-09,336.14,0.037494353
2013-11-10,311.9,-0.074845116
2013-11-11,332.63,0.064348138
2013-11-12,349.34,0.049014899
2013-11-13,393.28,0.118476166
2013-11-14,410.72,0.043389891
2013-11-15,409.17,-0.003781
2013-11-16,428.82,0.046906533
2013-11-17,476.29,0.104989662
2013-11-18,674.38,0.347766838
2013-11-19,541.83,-0.218841451
2013-11-20,572.67,0.055357335
2013-11-21,695.87,0.194853227
2013-11-22,747.48,0.071544688
2013-11-23,776.7,0.038346626
2013-11-24,751.38,-0.03314266
2013-11-25,778.68,0.035688663
2013-11-26,899.2,0.143905301
2013-11-27,948.41,0.053281419
2013-11-28,1037.75,0.090023289
2013-11-29,1120.4,0.076630856
2013-11-30,1124.76,0.003883915
2013-12-01,946.92,-0.172110346
2013-12-02,1038.35,0.092173581
2013-12-03,1068.67,0.02878197
2013-12-04,1147.25,0.07095289
2013-12-05,1042.03,-0.096197041
2013-12-06,834.03,-0.22265664
2013-12-07,694.47,-0.183120408
2013-12-08,795.4,0.135696168
2013-12-09,898.02,0.121347207
2013-12-10,990,0.097512603
2013-12-11,883.26,-0.114085335
2013-12-12,875.75,-0.008538946
2013-12-13,898.21,0.025323232
2013-12-14,867.49,-0.03479991
2013-12-15,879.47,0.013715469
2013-12-16,712.51,-0.210525506
2013-12-17,683.84,-0.041069975
2013-12-18,522.23,-0.269615868
2013-12-19,698.45,0.29075549
2013-12-20,622.84,-0.11457393
2013-12-21,608.96,-0.02253708
2013-12-22,617.82,0.014444569
2013-12-23,673.17,0.085800745
2013-12-24,667.62,-0.008278749
2013-12-25,687.36,0.029139023
2013-12-26,765.21,0.107292134
2013-12-27,746.72,-0.024460024
2013-12-28,730.47,-0.02200212
2013-12-29,745.07,0.019790011
2013-12-30,754.76,0.012921644
2013-12-31,757.5,0.003623719
2014-01-01,770.44,0.016938243
2014-01-02,808.05,0.047662158
2014-01-03,830.02,0.026825859
2014-01-04,858.98,0.034295842
2014-01-05,940.1,0.090240614
2014-01-06,951.39,0.011937821
2014-01-07,810.58,-0.160174032
2014-01-08,859.95,0.059124207
2014-01-09,860.89,0.00109249
2014-01-10,884.67,0.027247956
2014-01-11,930.9,0.050937166
2014-01-12,873.26,-0.063918525
2014-01-13,857.96,-0.017675857
2014-01-14,851.83,-0.007170502
2014-01-15,874.71,0.026505426
2014-01-16,847.37,-0.031754968
2014-01-17,828.22,-0.022858616
2014-01-18,843.76,0.018589274
2014-01-19,878.68,0.040552687
2014-01-20,871.05,-0.008721401
2014-01-21,874.29,0.003712748
2014-01-22,863.95,-0.011897232
2014-01-23,854.35,-0.011173951
2014-01-24,825.12,-0.034812116
2014-01-25,861.85,0.043552411
2014-01-26,880.15,0.021011106
2014-01-27,814.53,-0.077481088
2014-01-28,833.94,0.023550198
2014-01-29,837.51,0.004271747
2014-01-30,845.85,0.009908835
2014-01-31,848.29,0.00288052
2014-02-01,853.02,0.005560435
2014-02-02,854.37,0.001581361
2014-02-03,846.9,-0.008781731
2014-02-04,842.01,-0.005790733
2014-02-05,820.87,-0.025427137
2014-02-06,783.62,-0.046440544
2014-02-07,703.57,-0.107756835
2014-02-08,676.91,-0.038629049
2014-02-09,681.94,0.007403353
2014-02-10,679.73,-0.003246017
2014-02-11,669.44,-0.015254119
2014-02-12,648.38,-0.031964598
2014-02-13,598.41,-0.080200806
2014-02-14,656.61,0.092814097
2014-02-15,645.43,-0.017173474
2014-02-16,610.65,-0.055392798
2014-02-17,621.49,0.017595857
2014-02-18,621.22,-0.000434534
2014-02-19,617.71,-0.005666195
2014-02-20,552.21,-0.112090683
2014-02-21,569.04,0.030022322
2014-02-22,604.75,0.060864419
2014-02-23,604.58,-0.000281147
2014-02-24,545.32,-0.103161224
2014-02-25,534.71,-0.019648234
2014-02-26,577.09,0.07627369
2014-02-27,576.7,-0.000676033
2014-02-28,543.93,-0.058501639
2014-03-01,563.74,0.03577259
2014-03-02,560.3,-0.006120798
2014-03-03,661.12,0.165463012
2014-03-04,663.6,0.003744192
2014-03-05,661.79,-0.002731273
2014-03-06,658.72,-0.004649727
2014-03-07,625.83,-0.051219789
2014-03-08,615.24,-0.017066333
2014-03-09,633.18,0.028742306
2014-03-10,625.83,-0.011675973
2014-03-11,628.95,0.004972994
2014-03-12,631.39,0.003871976
2014-03-13,638.16,0.010665297
2014-03-14,626.71,-0.018105122
2014-03-15,633.67,0.0110444
2014-03-16,630.72,-0.00466629
2014-03-17,621.22,-0.015176737
2014-03-18,613.63,-0.012293146
2014-03-19,608.82,-0.007869483
2014-03-20,586.59,-0.037196549
2014-03-21,570.77,-0.027339783
2014-03-22,564.42,-0.011187671
2014-03-23,561.35,-0.005454058
2014-03-24,586.27,0.043435837
2014-03-25,582.28,-0.006829003
2014-03-26,579.07,-0.005528063
2014-03-27,478.16,-0.191477964
2014-03-28,502.44,0.049530825
2014-03-29,493.18,-0.018602011
2014-03-30,461.87,-0.065590753
2014-03-31,458.5,-0.007323175
2014-04-01,478.72,0.043155584
2014-04-02,437.51,-0.090016313
2014-04-03,447.08,0.021637987
2014-04-04,448.88,0.004018042
2014-04-05,464.83,0.034916156
2014-04-06,460.7,-0.008924675
2014-04-07,446.22,-0.031934968
2014-04-08,450.46,0.009457179
2014-04-09,440.2,-0.023040114
2014-04-10,360.84,-0.198794522
2014-04-11,420.06,0.151962911
2014-04-12,420.66,0.001427348
2014-04-13,414.95,-0.013666875
2014-04-14,457.63,0.097902966
2014-04-15,520.12,0.127998557
2014-04-16,529.16,0.017231289
2014-04-17,494.4,-0.067945937
2014-04-18,478.23,-0.033253118
2014-04-19,501.55,0.047611515
2014-04-20,497.32,-0.008469621
2014-04-21,493.09,-0.008541969
2014-04-22,484.43,-0.017718771
2014-04-23,486.93,0.005147434
2014-04-24,500.26,0.027007588
2014-04-25,459.61,-0.084749659
2014-04-26,456.14,-0.007578524
2014-04-27,429.65,-0.059828856
2014-04-28,437.06,0.017099562
2014-04-29,444.25,0.016316982
2014-04-30,445.87,0.003639963
2014-05-01,456.27,0.02305731
2014-05-02,446.64,-0.021331839
2014-05-03,436.94,-0.021957015
2014-05-04,434.06,-0.006613113
2014-05-05,429.72,-0.01004894
2014-05-06,426.99,-0.00637324
2014-05-07,436.96,0.023081064
2014-05-08,435.34,-0.003714323
2014-05-09,448.23,0.029179159
2014-05-10,452.71,0.00994525
2014-05-11,436.54,-0.036371735
2014-05-12,438.43,0.004320155
2014-05-13,437.41,-0.002329194
2014-05-14,441.75,0.009873141
2014-05-15,444.32,0.005800912
2014-05-16,445.01,0.00155173
2014-05-17,446.36,0.003029047
2014-05-18,444.81,-0.003478577
2014-05-19,444.31,-0.001124708
2014-05-20,485.83,0.089336251
2014-05-21,489.16,0.006830866
2014-05-22,526.06,0.07272564
2014-05-23,519.04,-0.013434323
2014-05-24,525.63,0.012616592
2014-05-25,570.09,0.0811967
2014-05-26,581.83,0.020384066
2014-05-27,569.63,-0.021191282
2014-05-28,574.45,0.008426034
2014-05-29,565.51,-0.015685082
2014-05-30,616.47,0.086281681
2014-05-31,623.26,0.010954108
2014-06-01,629.02,0.009199285
2014-06-02,658.79,0.046241766
2014-06-03,665.73,0.010479364
2014-06-04,636.78,-0.044459956
2014-06-05,656.06,0.029828021
2014-06-06,645.56,-0.016134091
2014-06-07,652.71,0.011014769
2014-06-08,653.64,0.001423815
2014-06-09,645.34,-0.012779431
2014-06-10,649.81,0.006902703
2014-06-11,627.91,-0.034283168
2014-06-12,581.8,-0.076270098
2014-06-13,597.43,0.026510376
2014-06-14,571.69,-0.044040236
2014-06-15,591.97,0.034859071
2014-06-16,588.06,-0.006626974
2014-06-17,607.34,0.032259783
2014-06-18,604.88,-0.004058675
2014-06-19,592.26,-0.021084364
2014-06-20,588.52,-0.006334817
2014-06-21,591.03,0.004255867
2014-06-22,598.88,0.013194467
2014-06-23,587.46,-0.019253086
2014-06-24,575.07,-0.021316386
2014-06-25,562.13,-0.022758633
2014-06-26,579.38,0.030225426
2014-06-27,600.86,0.036403396
2014-06-28,591.99,-0.014872219
2014-06-29,598.6,0.011103853
2014-06-30,639.36,0.065874081
2014-07-01,635.59,-0.005913975
2014-07-02,647.34,0.018317957
2014-07-03,640.69,-0.010325938
2014-07-04,626.96,-0.021662978
2014-07-05,628.33,0.002182763
2014-07-06,631.71,0.005364922
2014-07-07,617.99,-0.021958152
2014-07-08,620.22,0.003601978
2014-07-09,620.55,0.000531928
2014-07-10,615.11,-0.008805068
2014-07-11,631.18,0.02578997
2014-07-12,634.48,0.005214682
2014-07-13,627.58,-0.010934613
2014-07-14,618.38,-0.014767998
2014-07-15,619.36,0.001583532
2014-07-16,615.2,-0.006739269
2014-07-17,622.62,0.011988963
2014-07-18,628.22,0.008954043
2014-07-19,625.8,-0.003859592
2014-07-20,621.37,-0.007104114
2014-07-21,620.01,-0.002191111
2014-07-22,618.81,-0.001937328
2014-07-23,617.93,-0.001423096
2014-07-24,600.01,-0.029428861
2014-07-25,599.93,-0.00013334
2014-07-26,593.85,-0.01018622
2014-07-27,590.95,-0.004895351
2014-07-28,584.69,-0.010649619
2014-07-29,582.2,-0.004267761
2014-07-30,564.37,-0.031103967
2014-07-31,581.35,0.02964292
2014-08-01,595.08,0.023342865
2014-08-02,587.29,-0.013177115
2014-08-03,585.51,-0.003035473
2014-08-04,586.76,0.002132615
2014-08-05,583.11,-0.00624003
2014-08-06,583.04,-0.000120053
2014-08-07,587.4,0.007450224
2014-08-08,590.53,0.00531442
2014-08-09,588.09,-0.004140441
2014-08-10,589.45,0.002309901
2014-08-11,573.31,-0.027763316
2014-08-12,568.21,-0.008935514
2014-08-13,544.57,-0.042494576
2014-08-14,508.55,-0.068432953
2014-08-15,496.62,-0.023738393
2014-08-16,519.83,0.045676689
2014-08-17,492.95,-0.053094086
2014-08-18,460.67,-0.067725797
2014-08-19,486.74,0.055048148
2014-08-20,511.93,0.050457797
2014-08-21,516.16,0.008228898
2014-08-22,513.94,-0.004310268
2014-08-23,497.22,-0.033073943
2014-08-24,508.57,0.022570282
2014-08-25,501.63,-0.01374007
2014-08-26,513.47,0.023328809
2014-08-27,510.43,-0.005938097
2014-08-28,507.02,-0.006703057
2014-08-29,508.42,0.002757427
2014-08-30,501.2,-0.014302655
2014-08-31,478.07,-0.047248058
2014-09-01,474.13,-0.00827562
2014-09-02,475.32,0.002506716
2014-09-03,474.54,-0.001642348
2014-09-04,489.09,0.030200608
2014-09-05,480.5,-0.017719293
2014-09-06,482.24,0.003614687
2014-09-07,479.48,-0.005739732
2014-09-08,472.15,-0.015405452
2014-09-09,471.56,-0.001250384
2014-09-10,477.53,0.012580638
2014-09-11,476.33,-0.002516094
2014-09-12,473.83,-0.005262284
2014-09-13,477.09,0.006856545
2014-09-14,474.71,-0.005001061
2014-09-15,471.36,-0.007081958
2014-09-16,463.74,-0.016298083
2014-09-17,454.91,-0.019224453
2014-09-18,421.46,-0.076374723
2014-09-19,391.94,-0.072616107
2014-09-20,406.82,0.03726206
2014-09-21,396.57,-0.025518257
2014-09-22,398.89,0.005833119
2014-09-23,435.38,0.087533523
2014-09-24,422.3,-0.030503251
2014-09-25,408.8,-0.032489923
2014-09-26,401.92,-0.016972975
2014-09-27,398.36,-0.008896945
2014-09-28,376.2,-0.057235202
2014-09-29,374.73,-0.00391515
2014-09-30,386.27,0.03033084
2014-10-01,381.33,-0.012871465
2014-10-02,371.99,-0.02479817
2014-10-03,356.56,-0.042364444
2014-10-04,325.49,-0.091170789
2014-10-05,319.64,-0.018136377
2014-10-06,328.46,0.027219702
2014-10-07,334.09,0.016995353
2014-10-08,352.79,0.054462561
2014-10-09,363.78,0.03067631
2014-10-10,358.69,-0.014090784
2014-10-11,359.2,0.001420831
2014-10-12,376.19,0.046214998
2014-10-13,388.38,0.031889907
2014-10-14,398.71,0.026250094
2014-10-15,391.84,-0.017380742
2014-10-16,380.08,-0.030471836
2014-10-17,380.42,0.000894149
2014-10-18,388.96,0.022200605
2014-10-19,386.59,-0.006111811
2014-10-20,379.37,-0.018852718
2014-10-21,382.38,0.007902896
2014-10-22,379.1,-0.008614856
2014-10-23,355.86,-0.063262627
2014-10-24,355.17,-0.001940847
2014-10-25,346.11,-0.025839904
2014-10-26,351.54,0.015566859
2014-10-27,348.96,-0.0073662
2014-10-28,351.9,0.008389742
2014-10-29,333.38,-0.054064064
2014-10-30,343.78,0.030718937
2014-10-31,336.8,-0.020512636
2014-11-01,325.39,-0.034464819
2014-11-02,323.74,-0.005083738
2014-11-03,324.23,0.001512416
2014-11-04,328.28,0.012413762
2014-11-05,337.14,0.026631372
2014-11-06,348.23,0.032364907
2014-11-07,341.08,-0.020746127
2014-11-08,344.03,0.008611809
2014-11-09,363.31,0.054527601
2014-11-10,365.29,0.005435094
2014-11-11,366.99,0.004643041
2014-11-12,427.24,0.152011316
2014-11-13,417.15,-0.023900047
2014-11-14,398.43,-0.045914045
2014-11-15,375.13,-0.060259192
2014-11-16,388.55,0.035149229
2014-11-17,385.86,-0.006947252
2014-11-18,372.38,-0.035559771
2014-11-19,377.24,0.012966751
2014-11-20,356.14,-0.057557678
2014-11-21,348.86,-0.020653216
2014-11-22,352.04,0.00907411
2014-11-23,366.77,0.040990143
2014-11-24,375.24,0.022830873
2014-11-25,375.72,0.001278364
2014-11-26,368.51,-0.019376337
2014-11-27,369.14,0.001708128
2014-11-28,375.85,0.018014152
2014-11-29,375.22,-0.001677607
2014-11-30,377.09,0.004971365
2014-12-01,378.64,0.004102
2014-12-02,381.54,0.007629809
2014-12-03,374.97,-0.017369672
2014-12-04,369.15,-0.015642957
2014-12-05,376.04,0.018492455
2014-12-06,374.02,-0.005386249
2014-12-07,374.26,0.000641471
2014-12-08,360.94,-0.036239004
2014-12-09,351.27,-0.027156581
2014-12-10,344.62,-0.019112798
2014-12-11,347.13,0.007256989
2014-12-12,350.94,0.010915919
2014-12-13,347.47,-0.009936938
2014-12-14,351.14,0.010506674
2014-12-15,345.1,-0.017350774
2014-12-16,326.08,-0.05669148
2014-12-17,319.17,-0.021418874
2014-12-18,310.75,-0.026735146
2014-12-19,317.01,0.019944589
2014-12-20,329.57,0.038855455
2014-12-21,319.24,-0.031845603
2014-12-22,330.67,0.035177728
2014-12-23,334.05,0.010169783
2014-12-24,321.88,-0.037111877
2014-12-25,318.61,-0.010211021
2014-12-26,327.16,0.026481564
2014-12-27,315.17,-0.037337172
2014-12-28,316.8,0.005158484
2014-12-29,312.44,-0.013858209
2014-12-30,309.87,-0.008259596
2014-12-31,319.7,0.031230201
2015-01-01,313.92,-0.01824488
2015-01-02,314.59,0.002132027
2015-01-03,279.85,-0.117016458
2015-01-04,263.63,-0.05970714
2015-01-05,272.95,0.034742023
2015-01-06,285.58,0.045233572
2015-01-07,294.88,0.032046294
2015-01-08,283.25,-0.040238594
2015-01-09,288.84,0.019543002
2015-01-10,274.07,-0.052489353
2015-01-11,265.37,-0.03225847
2015-01-12,267.09,0.006460602
2015-01-13,226.98,-0.162723772
2015-01-14,177.28,-0.247131504
2015-01-15,210.46,0.171565208
2015-01-16,207.22,-0.01551458
2015-01-17,199.62,-0.037365472
2015-01-18,209.93,0.050358583
2015-01-19,213.98,0.019108411
2015-01-20,210.48,-0.016491916
2015-01-21,225.98,0.071055863
2015-01-22,232.66,0.029131661
2015-01-23,232.97,0.00133153
2015-01-24,247.99,0.062478733
2015-01-25,254.51,0.025951705
2015-01-26,271.95,0.066278098
2015-01-27,262.06,-0.037044741
2015-01-28,233.21,-0.11663415
2015-01-29,232.4,-0.00347931
2015-01-30,226.5,-0.02571508
2015-01-31,216.91,-0.043262424
2015-02-01,226.4,0.042820825
2015-02-02,237.54,0.048032684
2015-02-03,226.96,-0.04556224
2015-02-04,226.73,-0.001013908
2015-02-05,216.77,-0.044922999
2015-02-06,222.48,0.026000326
2015-02-07,227.33,0.021565496
2015-02-08,222.87,-0.019814064
2015-02-09,220.17,-0.012188667
2015-02-10,220.08,-0.000408859
2015-02-11,219.49,-0.002684443
2015-02-12,221.85,0.010694804
2015-02-13,235.79,0.060940101
2015-02-14,257.47,0.08796163
2015-02-15,234.33,-0.09417283
2015-02-16,233.56,-0.003291375
2015-02-17,243.6,0.042088532
2015-02-18,236.21,-0.030806296
2015-02-19,239.83,0.015209099
2015-02-20,243.78,0.01633584
2015-02-21,244.26,0.001967053
2015-02-22,235.53,-0.036394938
2015-02-23,238.08,0.010768458
2015-02-24,238.76,0.002852112
2015-02-25,237.25,-0.006344426
2015-02-26,236.1,-0.004858993
2015-02-27,252.51,0.067195408
2015-02-28,253.53,0.004031307
2015-03-01,258.74,0.020341537
2015-03-02,271.35,0.047585804
2015-03-03,281.45,0.036545311
2015-03-04,271.92,-0.034446907
2015-03-05,274.86,0.010753972
2015-03-06,272.21,-0.00968805
2015-03-07,275.89,0.013428408
2015-03-08,274.48,-0.005123837
2015-03-09,288.52,0.049886009
2015-03-10,290.51,0.006873591
2015-03-11,295.83,0.018146966
2015-03-12,293.87,-0.006647472
2015-03-13,284.28,-0.033177825
2015-03-14,281.36,-0.01032468
2015-03-15,285.34,0.014046464
2015-03-16,290.38,0.017508958
2015-03-17,284.46,-0.020597764
2015-03-18,255.37,-0.107879172
2015-03-19,259.74,0.016967657
2015-03-20,260.84,0.004226062
2015-03-21,259.62,-0.004688169
2015-03-22,267.8,0.03102141
2015-03-23,265.94,-0.006969714
2015-03-24,245.44,-0.080218201
2015-03-25,246.13,0.002807333
2015-03-26,247.65,0.006156607
2015-03-27,246.58,-0.004329975
2015-03-28,252.25,0.022734175
2015-03-29,242.02,-0.041400292
2015-03-30,246.85,0.019760497
2015-03-31,243.39,-0.01411577
2015-04-01,246.55,0.012899718
2015-04-02,252.26,0.022895489
2015-04-03,253.54,0.0050613
2015-04-04,253.12,-0.001657917
2015-04-05,259.95,0.02662562
2015-04-06,254.52,-0.021109886
2015-04-07,252.8,-0.006780756
2015-04-08,244.36,-0.033956114
2015-04-09,243.26,-0.004511718
2015-04-10,235.22,-0.033609584
2015-04-11,236.12,0.003818904
2015-04-12,235.64,-0.002034934
2015-04-13,223.41,-0.053296568
2015-04-14,218.27,-0.02327582
2015-04-15,223.57,0.023991736
2015-04-16,228.11,0.020103405
2015-04-17,222.23,-0.026115087
2015-04-18,222.84,0.002741144
2015-04-19,221.69,-0.005174016
2015-04-20,224.31,0.011749014
2015-04-21,235.81,0.049997372
2015-04-22,233.92,-0.008047219
2015-04-23,235.56,0.006986482
2015-04-24,230.79,-0.020457452
2015-04-25,225.85,-0.021637144
2015-04-26,218.81,-0.031667289
2015-04-27,228.5,0.043332437
2015-04-28,225.68,-0.012418144
2015-04-29,225.98,0.001328433
2015-04-30,236.57,0.045797647
2015-05-01,232.12,-0.018989668
2015-05-02,234.9,0.011905412
2015-05-03,240.12,0.021978907
2015-05-04,238.77,-0.005638053
2015-05-05,236.55,-0.009341143
2015-05-06,230.05,-0.027862925
2015-05-07,237.78,0.0330492
2015-05-08,243.39,0.023319219
2015-05-09,240.48,-0.012028169
2015-05-10,239.63,-0.003540859
2015-05-11,241.85,0.009221632
2015-05-12,240.99,-0.00356226
2015-05-13,235.8,-0.021771451
2015-05-14,236.74,0.003978504
2015-05-15,237.31,0.002404811
2015-05-16,235.73,-0.006680221
2015-05-17,236.1,0.001568362
2015-05-18,232.87,-0.013775086
2015-05-19,231.94,-0.00400164
2015-05-20,234.25,0.009910204
2015-05-21,235.3,0.004472375
2015-05-22,240.52,0.02194195
2015-05-23,239.03,-0.006214179
2015-05-24,241.19,0.008995938
2015-05-25,237.49,-0.015459487
2015-05-26,237.33,-0.00067394
2015-05-27,237.18,-0.000632231
2015-05-28,237.47,0.001221953
2015-05-29,237.1,-0.001559307
2015-05-30,233.29,-0.016199678
2015-05-31,230,-0.014203006
2015-06-01,223.31,-0.029518368
2015-06-02,225.75,0.010867252
2015-06-03,225.65,-0.000443066
2015-06-04,224.37,-0.005688651
2015-06-05,225.04,0.002981689
2015-06-06,225.68,0.002839903
2015-06-07,223.39,-0.010198944
2015-06-08,228.65,0.023273327
2015-06-09,229.33,0.002969564
2015-06-10,228.95,-0.001658375
2015-06-11,230.02,0.004662623
2015-06-12,230.2,0.000782235
2015-06-13,232.75,0.01101642
2015-06-14,233.85,0.004714968
2015-06-15,237.31,0.014687419
2015-06-16,250.9,0.05568715
2015-06-17,249.17,-0.006919059
2015-06-18,248.87,-0.001204723
2015-06-19,243.55,-0.021608412
2015-06-20,245.26,0.006996612
2015-06-21,244.01,-0.005109664
2015-06-22,246.77,0.011247521
2015-06-23,243.99,-0.011329488
2015-06-24,240.22,-0.015572071
2015-06-25,242.42,0.009116589
2015-06-26,242.64,0.000907104
2015-06-27,250.71,0.032718029
2015-06-28,248.07,-0.010585928
2015-06-29,256.49,0.033378713
2015-06-30,262.48,0.023085211
2015-07-01,257.66,-0.018534002
2015-07-02,254.35,-0.012929615
2015-07-03,255.6,0.004902451
2015-07-04,260.35,0.018413157
2015-07-05,271.02,0.040165739
2015-07-06,268.49,-0.00937895
2015-07-07,264.96,-0.013234798
2015-07-08,269.65,0.017545951
2015-07-09,268.11,-0.005727478
2015-07-10,283.88,0.05715427
2015-07-11,291.69,0.027139981
2015-07-12,309.98,0.060816185
2015-07-13,290.88,-0.063596968
2015-07-14,286.19,-0.016254885
2015-07-15,283.82,-0.008315692
2015-07-16,277.83,-0.021330819
2015-07-17,278.49,0.002372736
2015-07-18,274.49,-0.014467322
2015-07-19,272.49,-0.007312914
2015-07-20,278.41,0.021492931
2015-07-21,275.1,-0.011960179
2015-07-22,276.62,0.005510055
2015-07-23,275.63,-0.003585337
2015-07-24,287.97,0.043796921
2015-07-25,288.13,0.000555459
2015-07-26,291.64,0.012108398
2015-07-27,292.73,0.003730518
2015-07-28,293.79,0.003614544
2015-07-29,288.77,-0.017234703
2015-07-30,287.29,-0.005138365
2015-07-31,283.94,-0.01172921
2015-08-01,280.04,-0.013830498
2015-08-02,281.65,0.005732715
2015-08-03,280.48,-0.004162744
2015-08-04,284.5,0.014230832
2015-08-05,281.38,-0.011027185
2015-08-06,278.25,-0.011186079
2015-08-07,279.03,0.002799313
2015-08-08,260.2,-0.069868737
2015-08-09,264.44,0.016163816
2015-08-10,263.76,-0.002574784
2015-08-11,270.92,0.026783976
2015-08-12,265.64,-0.019681566
2015-08-13,263.34,-0.008696036
2015-08-14,264.87,0.005793167
2015-08-15,260.73,-0.01575375
2015-08-16,257.67,-0.011805693
2015-08-17,256.98,-0.002681436
2015-08-18,219,-0.159926531
2015-08-19,225.39,0.028760505
2015-08-20,234.69,0.040433259
2015-08-21,231.94,-0.011786777
2015-08-22,229.74,-0.009530483
2015-08-23,227.59,-0.00940247
2015-08-24,209.13,-0.084589696
2015-08-25,221.71,0.058414153
2015-08-26,225.38,0.016417645
2015-08-27,224.26,-0.004981773
2015-08-28,230.98,0.029525034
2015-08-29,229.76,-0.005295841
2015-08-30,228.61,-0.005017791
2015-08-31,230.02,0.006148767
2015-09-01,227.35,-0.011675581
2015-09-02,228.86,0.006619783
2015-09-03,226.76,-0.009218273
2015-09-04,230.09,0.014578347
2015-09-05,234.68,0.019752347
2015-09-06,239.44,0.020079979
2015-09-07,240.02,0.00241939
2015-09-08,243.55,0.014600007
2015-09-09,238.29,-0.021833841
2015-09-10,238.59,0.001258178
2015-09-11,240.08,0.006225603
2015-09-12,234.82,-0.022152938
2015-09-13,230.33,-0.0193062
2015-09-14,230.24,-0.00039082
2015-09-15,229.92,-0.001390821
2015-09-16,228.8,-0.004883163
2015-09-17,232.79,0.0172885
2015-09-18,232.72,-0.000300745
2015-09-19,231.24,-0.006379882
2015-09-20,230.86,-0.001644666
2015-09-21,226.61,-0.018580988
2015-09-22,230.52,0.017107148
2015-09-23,229.96,-0.002432246
2015-09-24,234.28,0.0186116
2015-09-25,234.84,0.00238745
2015-09-26,234.21,-0.002686282
2015-09-27,232.85,-0.005823679
2015-09-28,239.34,0.027490666
2015-09-29,236.62,-0.011429656
2015-09-30,236.25,-0.001564912
2015-10-01,237.57,0.005571751
2015-10-02,237.4,-0.000715835
2015-10-03,239.09,0.007093568
2015-10-04,238.69,-0.001674411
2015-10-05,240.59,0.007928601
2015-10-06,246.42,0.023943157
2015-10-07,243.27,-0.01286546
2015-10-08,242.69,-0.002387029
2015-10-09,244.32,0.006693933
2015-10-10,245.33,0.004125402
2015-10-11,247.53,0.008927544
2015-10-12,245.59,-0.007868308
2015-10-13,249.94,0.01755741
2015-10-14,252.59,0.010546732
2015-10-15,254.81,0.008750549
2015-10-16,262.94,0.0314077
2015-10-17,271.2,0.030930687
2015-10-18,262.9,-0.031082824
2015-10-19,264.42,0.005765016
2015-10-20,270.22,0.021697694
2015-10-21,267.33,-0.010752592
2015-10-22,274.41,0.026139488
2015-10-23,277.46,0.01105344
2015-10-24,282.66,0.018567983
2015-10-25,283.07,0.001449455
2015-10-26,286.13,0.010752036
2015-10-27,294.4,0.028493134
2015-10-28,303.89,0.031726407
2015-10-29,313.59,0.031420606
2015-10-30,326,0.038810981
2015-10-31,312.43,-0.042516937
2015-11-01,325.08,0.039690862
2015-11-02,359.35,0.100225538
2015-11-03,400.71,0.10894113
2015-11-04,408.74,0.019841283
2015-11-05,387.51,-0.053337602
2015-11-06,374.95,-0.032948971
2015-11-07,384.8,0.025931035
2015-11-08,373.49,-0.029832488
2015-11-09,380.04,0.01738528
2015-11-10,337.93,-0.117437737
2015-11-11,312.58,-0.077978337
2015-11-12,336.86,0.074806977
2015-11-13,337.29,0.001275681
2015-11-14,333.55,-0.011150315
2015-11-15,319.93,-0.041690557
2015-11-16,331.59,0.035797044
2015-11-17,335.77,0.012527136
2015-11-18,334.97,-0.002385426
2015-11-19,326.31,-0.026193126
2015-11-20,321.99,-0.013327361
2015-11-21,327.17,0.015959424
2015-11-22,324.34,-0.008687565
2015-11-23,323.26,-0.003335395
2015-11-24,320.16,-0.009636082
2015-11-25,328.98,0.027176088
2015-11-26,353.3,0.071320596
2015-11-27,358.18,0.013718099
2015-11-28,357.66,-0.001452839
2015-11-29,371.86,0.038934625
2015-11-30,376.91,0.013488993
2015-12-01,362.73,-0.038347676
2015-12-02,359.43,-0.009139313
2015-12-03,361.31,0.005216872
2015-12-04,363.48,0.005987959
2015-12-05,388.86,0.067495107
2015-12-06,388.46,-0.001029177
2015-12-07,395.86,0.018870409
2015-12-08,418.14,0.054755691
2015-12-09,418.04,-0.000239183
2015-12-10,415.25,-0.006696373
2015-12-11,453.9,0.088996161
2015-12-12,435.9,-0.04046405
2015-12-13,433.54,-0.005428795
2015-12-14,443.84,0.023480073
2015-12-15,465.5,0.04764796
2015-12-16,455.37,-0.022001821
2015-12-17,455.99,0.001360604
2015-12-18,463.84,0.017068786
2015-12-19,462.23,-0.003477062
2015-12-20,442.5,-0.043622138
2015-12-21,437.76,-0.010769649
2015-12-22,435.5,-0.005176019
2015-12-23,442.84,0.016713735
2015-12-24,454.85,0.026759163
2015-12-25,455.31,0.001010811
2015-12-26,417.22,-0.087364845
2015-12-27,422.52,0.012623122
2015-12-28,421.26,-0.002986563
2015-12-29,432.62,0.026609524
2015-12-30,426.14,-0.015091814
2015-12-31,430.05,0.00913355
2016-01-01,434.46,0.0102024
2016-01-02,433.59,-0.002004493
2016-01-03,430.36,-0.007477319
2016-01-04,433.49,0.00724666
2016-01-05,432.25,-0.002864603
2016-01-06,429.46,-0.006475519
2016-01-07,458.28,0.064951745
2016-01-08,453.37,-0.010771782
2016-01-09,449.14,-0.009373926
2016-01-10,448.96,-0.000400846
2016-01-11,448.38,-0.00129271
2016-01-12,432.88,-0.035180534
2016-01-13,432.04,-0.001942377
2016-01-14,429.73,-0.005361072
2016-01-15,358.77,-0.18047559
2016-01-16,387.66,0.077447152
2016-01-17,380.21,-0.019404935
2016-01-18,385.84,0.014699044
2016-01-19,377.74,-0.021216647
2016-01-20,418.74,0.103044074
2016-01-21,409.94,-0.021239395
2016-01-22,381.76,-0.071218669
2016-01-23,386.19,0.011537337
2016-01-24,402.61,0.041638875
2016-01-25,390.66,-0.030130735
2016-01-26,391.43,0.001969083
2016-01-27,394.63,0.008141917
2016-01-28,379.38,-0.039410276
2016-01-29,378.2,-0.003115185
2016-01-30,376.94,-0.003337133
2016-01-31,367.13,-0.026370015
2016-02-01,371.25,0.011159681
2016-02-02,372.88,0.004380962
2016-02-03,368.93,-0.010649728
2016-02-04,388.61,0.051969346
2016-02-05,385.34,-0.008450209
2016-02-06,375.4,-0.026133937
2016-02-07,375.28,-0.00031971
2016-02-08,371.1,-0.011200846
2016-02-09,373.32,0.005964393
2016-02-10,379.96,0.017630023
2016-02-11,377.72,-0.005912804
2016-02-12,383.13,0.014221177
2016-02-13,392.18,0.023346561
2016-02-14,406.74,0.036453243
2016-02-15,399.48,-0.018010459
2016-02-16,407.36,0.019533614
2016-02-17,415.56,0.019929693
2016-02-18,421.64,0.014524861
2016-02-19,420.33,-0.003111752
2016-02-20,436.52,0.037794076
2016-02-21,438.98,0.005619661
2016-02-22,438.07,-0.002075139
2016-02-23,419.98,-0.042171624
2016-02-24,424.36,0.01037506
2016-02-25,423.52,-0.001981413
2016-02-26,432.06,0.019963729
2016-02-27,432.14,0.000185142
2016-02-28,432.64,0.001156364
2016-02-29,436.61,0.009134375
2016-03-01,433.64,-0.006825651
2016-03-02,421.6,-0.0281577
2016-03-03,419.47,-0.005064988
2016-03-04,407.98,-0.027773856
2016-03-05,397.83,-0.025193375
2016-03-06,404.55,0.01675056
2016-03-07,412.98,0.020623827
2016-03-08,411.76,-0.00295851
2016-03-09,412.62,0.002086417
2016-03-10,416.16,0.008542729
2016-03-11,419.89,0.008922971
2016-03-12,410.13,-0.02351859
2016-03-13,412.29,0.005252803
2016-03-14,415.09,0.006768379
2016-03-15,415.38,0.0006984
2016-03-16,416.25,0.002092277
2016-03-17,418.45,0.005271367
2016-03-18,408.04,-0.0251922
2016-03-19,408.52,0.001175664
2016-03-20,410.75,0.005443884
2016-03-21,411.42,0.001629834
2016-03-22,416.93,0.013303751
2016-03-23,417.39,0.001102695
2016-03-24,414.34,-0.007334144
2016-03-25,415.69,0.003252897
2016-03-26,416.73,0.00249874
2016-03-27,425.38,0.020544357
2016-03-28,422.76,-0.006178245
2016-03-29,415.55,-0.017201698
2016-03-30,412.69,-0.006906238
2016-03-31,415.16,0.005967282
2016-04-01,417.01,0.004446214
2016-04-02,419.69,0.006406141
2016-04-03,419.38,-0.000738913
2016-04-04,419.42,9.53743E-05
2016-04-05,422.65,0.007671609
2016-04-06,421.7,-0.002250253
2016-04-07,421.2,-0.00118638
2016-04-08,418.09,-0.00741106
2016-04-09,418.42,0.000788992
2016-04-10,421.11,0.006408369
2016-04-11,422.99,0.004454456
2016-04-12,425.99,0.007067334
2016-04-13,424.4,-0.003739465
2016-04-14,425.11,0.001671552
2016-04-15,429.98,0.011390737
2016-04-16,430.84,0.001998096
2016-04-17,427.86,-0.006940752
2016-04-18,429.05,0.002777423
2016-04-19,436.1,0.016298113
2016-04-20,442.16,0.013800233
2016-04-21,451.1,0.020017237
2016-04-22,447.64,-0.007699706
2016-04-23,452.58,0.010975205
2016-04-24,460.33,0.01697908
2016-04-25,462.51,0.004724555
2016-04-26,467.8,0.011372676
2016-04-27,445.01,-0.0499441
2016-04-28,449.86,0.010839669
2016-04-29,456.35,0.014323636
2016-04-30,449.33,-0.015502475
2016-05-01,453.04,0.008222837
2016-05-02,444.51,-0.01900787
2016-05-03,450.27,0.012874851
2016-05-04,446.96,-0.007378298
2016-05-05,448.53,0.003506464
2016-05-06,460.37,0.026054945
2016-05-07,459.46,-0.001978627
2016-05-08,459.44,-4.35303E-05
2016-05-09,461.49,0.004452029
2016-05-10,450.99,-0.023015219
2016-05-11,452.11,0.002480347
2016-05-12,454.82,0.005976223
2016-05-13,455.73,0.001998793
2016-05-14,455.75,4.38847E-05
2016-05-15,457.85,0.004597206
2016-05-16,453.41,-0.009744826
2016-05-17,452.75,-0.001456697
2016-05-18,453.38,0.001390529
2016-05-19,436.73,-0.037415471
2016-05-20,442.95,0.014141742
2016-05-21,443.13,0.000406284
2016-05-22,438.77,-0.009887823
2016-05-23,443.73,0.011240912
2016-05-24,445.13,0.003150105
2016-05-25,449.23,0.009168632
2016-05-26,453.82,0.010165638
2016-05-27,473.47,0.042387909
2016-05-28,525.43,0.104128422
2016-05-29,524.08,-0.002572631
2016-05-30,532.59,0.016107553
2016-05-31,531.8,-0.001484419
2016-06-01,536.42,0.008649958
2016-06-02,538.14,0.003201313
2016-06-03,570.47,0.058341833
2016-06-04,573.45,0.005210166
2016-06-05,574.11,0.001150267
2016-06-06,585.53,0.019696404
2016-06-07,577.86,-0.013185795
2016-06-08,583.1,0.009027073
2016-06-09,576.45,-0.011470093
2016-06-10,579.13,0.004638372
2016-06-11,611.78,0.054845763
2016-06-12,675.34,0.098843527
2016-06-13,705.62,0.043860581
2016-06-14,685.99,-0.028213799
2016-06-15,696.32,0.014946274
2016-06-16,768.24,0.09829286
2016-06-17,747.55,-0.027300992
2016-06-18,755.68,0.010816813
2016-06-19,764.04,0.011002138
2016-06-20,727.95,-0.048387779
2016-06-21,665.88,-0.08912289
2016-06-22,602.89,-0.099374715
2016-06-23,625.49,0.036800584
2016-06-24,665.16,0.061492271
2016-06-25,665.33,0.000255545
2016-06-26,630.25,-0.054166592
2016-06-27,658.4,0.043696083
2016-06-28,646.3,-0.018548857
2016-06-29,639.08,-0.01123415
2016-06-30,672.48,0.050942729
2016-07-01,676.52,0.00598964
2016-07-02,703.69,0.039375907
2016-07-03,659.69,-0.064567891
2016-07-04,681.63,0.032716961
2016-07-05,668.09,-0.020064094
2016-07-06,676.11,0.01193289
2016-07-07,639.76,-0.055262679
2016-07-08,664.74,0.038302881
2016-07-09,650.63,-0.021454863
2016-07-10,649.96,-0.001030302
2016-07-11,649.03,-0.001431882
2016-07-12,664.84,0.02406747
2016-07-13,653.93,-0.016546098
2016-07-14,659.64,0.00869392
2016-07-15,664.88,0.007912342
2016-07-16,663.54,-0.002017435
2016-07-17,679.05,0.023105624
2016-07-18,673.59,-0.008073145
2016-07-19,673.84,0.000371077
2016-07-20,666.18,-0.01143279
2016-07-21,665.1,-0.001622499
2016-07-22,650.82,-0.021704299
2016-07-23,654.86,0.006188366
2016-07-24,661.05,0.009408008
2016-07-25,655.13,-0.008995791
2016-07-26,651.08,-0.006201167
2016-07-27,655.44,0.006674243
2016-07-28,655.63,0.00028984
2016-07-29,656.67,0.001585004
2016-07-30,654.98,-0.002576908
2016-07-31,625.88,-0.045446041
2016-08-01,607.37,-0.030020499
2016-08-02,552.82,-0.094105709
2016-08-03,565.26,0.022253351
2016-08-04,578.32,0.022841546
2016-08-05,574.96,-0.005826876
2016-08-06,588.42,0.023140505
2016-08-07,592.78,0.007382357
2016-08-08,590.62,-0.003650503
2016-08-09,584.76,-0.009971326
2016-08-10,592.89,0.013807378
2016-08-11,586.52,-0.010802116
2016-08-12,586.03,-0.000835785
2016-08-13,585.08,-0.001622393
2016-08-14,571.44,-0.023589099
2016-08-15,567.2,-0.007447516
2016-08-16,576.25,0.015829619
2016-08-17,571.74,-0.007857252
2016-08-18,572.5,0.001328393
2016-08-19,573.66,0.002024151
2016-08-20,580.7,0.012197386
2016-08-21,580.69,-1.72207E-05
2016-08-22,584.73,0.006933151
2016-08-23,581.28,-0.005917634
2016-08-24,577.99,-0.005676001
2016-08-25,575.73,-0.003917767
2016-08-26,578.16,0.004211846
2016-08-27,568.67,-0.016550346
2016-08-28,573.55,0.008544816
2016-08-29,572.36,-0.002076953
2016-08-30,576,0.006339497
2016-08-31,572.33,-0.006391913
2016-09-01,571.69,-0.001118862
2016-09-02,574.15,0.0042938
2016-09-03,598.38,0.041335317
2016-09-04,608.92,0.017460893
2016-09-05,606.03,-0.004757406
2016-09-06,611.07,0.008282029
2016-09-07,614.79,0.006069227
2016-09-08,624.95,0.0163909
2016-09-09,621.8,-0.005053149
2016-09-10,622.21,0.000659159
2016-09-11,605.81,-0.026711251
2016-09-12,606.31,0.000825001
2016-09-13,606.92,0.00100558
2016-09-14,608.22,0.002139672
2016-09-15,605.21,-0.004961153
2016-09-16,606.33,0.001848887
2016-09-17,605.29,-0.00171671
2016-09-18,608.7,0.005617853
2016-09-19,608.53,-0.000279323
2016-09-20,599.47,-0.015000281
2016-09-21,595.8,-0.006140891
2016-09-22,595.03,-0.001293216
2016-09-23,601.71,0.011163777
2016-09-24,601.34,-0.000615103
2016-09-25,599.18,-0.003598445
2016-09-26,606.81,0.012653673
2016-09-27,604.76,-0.003384042
2016-09-28,603.52,-0.002052505
2016-09-29,605.06,0.002548447
2016-09-30,608.44,0.005570678
2016-10-01,613.93,0.008982611
2016-10-02,610.29,-0.005946661
2016-10-03,612.34,0.00335343
2016-10-04,609.37,-0.004862047
2016-10-05,610.88,0.002474904
2016-10-06,610.9,3.27391E-05
2016-10-07,616.49,0.009108822
2016-10-08,616.6,0.000178414
2016-10-09,614.62,-0.003216325
2016-10-10,617.42,0.004545315
2016-10-11,639.37,0.034933811
2016-10-12,635.08,-0.006732341
2016-10-13,635.02,-9.44807E-05
2016-10-14,638.37,0.005261558
2016-10-15,637.37,-0.001567718
2016-10-16,639.83,0.003852181
2016-10-17,636.92,-0.004558457
2016-10-18,635.51,-0.002216233
2016-10-19,628.15,-0.011648835
2016-10-20,628.62,0.000747949
2016-10-21,630.15,0.002430946
2016-10-22,652.71,0.03517504
2016-10-23,649.24,-0.005330478
2016-10-24,648.4,-0.001294658
2016-10-25,652.89,0.006900872
2016-10-26,674.36,0.032355431
2016-10-27,686.52,0.017871265
2016-10-28,688.1,0.002298818
2016-10-29,712.87,0.035364899
2016-10-30,696.35,-0.023446668
2016-10-31,697.37,0.001463709
2016-11-01,729.27,0.044727917
2016-11-02,742.46,0.017924963
2016-11-03,687.51,-0.076892622
2016-11-04,702.54,0.021625964
2016-11-05,704.16,0.002303264
2016-11-06,712.24,0.01140933
2016-11-07,704.02,-0.011608168
2016-11-08,709.15,0.007260305
2016-11-09,721.19,0.016835556
2016-11-10,713.67,-0.010481955
2016-11-11,716.56,0.004041314
2016-11-12,703.55,-0.018323037
2016-11-13,702.5,-0.001493546
2016-11-14,706.39,0.005522092
2016-11-15,711.96,0.007854237
2016-11-16,742.07,0.041421848
2016-11-17,735.41,-0.009015412
2016-11-18,749.68,0.019218282
2016-11-19,750.63,0.001266405
2016-11-20,728.61,-0.029774244
2016-11-21,736.72,0.011069292
2016-11-22,748.22,0.015489151
2016-11-23,741.6,-0.008887038
2016-11-24,736.4,-0.007036565
2016-11-25,738.28,0.002549707
2016-11-26,732.82,-0.007423051
2016-11-27,728.42,-0.006022301
2016-11-28,731.75,0.004561121
2016-11-29,731.76,1.36658E-05
2016-11-30,742.01,0.013910129
2016-12-01,753.25,0.015034458
2016-12-02,771.41,0.023822831
2016-12-03,764.97,-0.008383392
2016-12-04,766.46,0.001945894
2016-12-05,750.71,-0.020763086
2016-12-06,758.81,0.010731991
2016-12-07,763.9,0.006685474
2016-12-08,766.75,0.003723912
2016-12-09,770.41,0.004762038
2016-12-10,773.21,0.00362784
2016-12-11,768.62,-0.005953981
2016-12-12,777.91,0.012014137
2016-12-13,775.25,-0.003425278
2016-12-14,776.64,0.001791365
2016-12-15,775.48,-0.00149473
2016-12-16,780.85,0.006900877
2016-12-17,788.58,0.00985079
2016-12-18,788.59,1.26809E-05
2016-12-19,790.16,0.001988916
2016-12-20,798.78,0.010850107
2016-12-21,833.1,0.042068119
2016-12-22,858.74,0.030312516
2016-12-23,916.79,0.06541224
2016-12-24,894.2,-0.024948975
2016-12-25,894.48,0.00031308
2016-12-26,902.55,0.008981546
2016-12-27,931.11,0.031153332
2016-12-28,978.01,0.049142472
2016-12-29,969.62,-0.008615653
2016-12-30,960.47,-0.009481494
2016-12-31,968.23,0.008046914
2017-01-01,997.69,0.029972944
2017-01-02,1018.05,0.020201705
2017-01-03,1030.82,0.012465569
2017-01-04,1129.87,0.09174798
2017-01-05,1005.81,-0.116309395
2017-01-06,895.67,-0.115976424
2017-01-07,905.17,0.01055073
2017-01-08,913.52,0.009182498
2017-01-09,899.35,-0.015632989
2017-01-10,904.79,0.006030592
2017-01-11,775.98,-0.153576126
2017-01-12,802.83,0.034016239
2017-01-13,826.12,0.028597056
2017-01-14,818.64,-0.009095615
2017-01-15,822.42,0.004606787
2017-01-16,830.26,0.009487691
2017-01-17,904.45,0.085588119
2017-01-18,884.25,-0.022587196
2017-01-19,898.02,0.015452512
2017-01-20,891.62,-0.007152307
2017-01-21,920.01,0.031344507
2017-01-22,925.33,0.005765891
2017-01-23,912.69,-0.013754148
2017-01-24,885.65,-0.030074444
2017-01-25,894.11,0.009506971
2017-01-26,915.1,0.023204539
2017-01-27,918.56,0.003773877
2017-01-28,920.28,0.001870745
2017-01-29,914.04,-0.006803637
2017-01-30,920.24,0.006760171
2017-01-31,967.67,0.050256614
2017-02-01,987.35,0.020133466
2017-02-02,1007.79,0.020490507
2017-02-03,1018.11,0.010188153
2017-02-04,1033.65,0.01514826
2017-02-05,1013.99,-0.019203184
2017-02-06,1024.61,0.010419009
2017-02-07,1052.54,0.026894238
2017-02-08,1054.34,0.001708688
2017-02-09,988.95,-0.064026484
2017-02-10,993.08,0.004167451
2017-02-11,1010,0.016894385
2017-02-12,999.51,-0.010440451
2017-02-13,996.86,-0.00265482
2017-02-14,1009.25,0.012352421
2017-02-15,1009.12,-0.000128817
2017-02-16,1034.08,0.024433479
2017-02-17,1053.12,0.018245044
2017-02-18,1058.41,0.005010595
2017-02-19,1052.82,-0.005295504
2017-02-20,1083.24,0.028484272
2017-02-21,1123.66,0.036634664
2017-02-22,1122.19,-0.001309081
2017-02-23,1178.38,0.048858481
2017-02-24,1180.92,0.002153182
2017-02-25,1151.58,-0.025158883
2017-02-26,1179.97,0.024354102
2017-02-27,1194.28,0.012054479
2017-02-28,1190.89,-0.002842567
2017-03-01,1230.02,0.032329503
2017-03-02,1260.92,0.024811184
2017-03-03,1290.79,0.023412821
2017-03-04,1267.68,-0.018065976
2017-03-05,1277.68,0.007857475
2017-03-06,1280.87,0.002493601
2017-03-07,1232.43,-0.038551704
2017-03-08,1150.48,-0.068808584
2017-03-09,1191.81,0.035293913
2017-03-10,1117.02,-0.064808735
2017-03-11,1181.64,0.056238879
2017-03-12,1229.5,0.039704279
2017-03-13,1243.24,0.011113292
2017-03-14,1246.31,0.00246631
2017-03-15,1259.6,0.010607025
2017-03-16,1172.91,-0.07130637
2017-03-17,1070.13,-0.091707704
2017-03-18,970.6,-0.097620978
2017-03-19,1017.8,0.047484277
2017-03-20,1041.34,0.02286491
2017-03-21,1115.04,0.068381933
2017-03-22,1037.44,-0.072134139
2017-03-23,1029.95,-0.007245883
2017-03-24,935.95,-0.09570348
2017-03-25,964.69,0.03024475
2017-03-26,965.23,0.000559609
2017-03-27,1040.49,0.07508062
2017-03-28,1044.25,0.003607168
2017-03-29,1040.39,-0.003703282
2017-03-30,1037.53,-0.002752754
2017-03-31,1079.75,0.039886644
2017-04-01,1089.51,0.008998521
2017-04-02,1098.78,0.00847242
2017-04-03,1147.63,0.043498473
2017-04-04,1143.75,-0.003386609
2017-04-05,1135,-0.007679687
2017-04-06,1190.6,0.047824731
2017-04-07,1193.02,0.002030526
2017-04-08,1184.82,-0.006897043
2017-04-09,1210.05,0.021070817
2017-04-10,1213.34,0.002715206
2017-04-11,1224.77,0.009376184
2017-04-12,1216.5,-0.006775188
2017-04-13,1178.53,-0.031709984
2017-04-14,1183.44,0.004157552
2017-04-15,1180.7,-0.002317969
2017-04-16,1184.79,0.003458061
2017-04-17,1203.73,0.015859526
2017-04-18,1217.6,0.011456639
2017-04-19,1226.94,0.007641557
2017-04-20,1255.4,0.022930982
2017-04-21,1257.13,0.001377098
2017-04-22,1244.37,-0.010201967
2017-04-23,1248.22,0.003089159
2017-04-24,1248.32,8.01109E-05
2017-04-25,1263.54,0.012118658
2017-04-26,1284.84,0.016716892
2017-04-27,1329.19,0.033935537
2017-04-28,1320.05,-0.006900119
2017-04-29,1327.04,0.005281283
2017-04-30,1347.96,0.01564144
2017-05-01,1402.08,0.03936451
2017-05-02,1443.68,0.029238561
2017-05-03,1492,0.032922093
2017-05-04,1515.63,0.015713692
2017-05-05,1512.21,-0.002259037
2017-05-06,1548.29,0.023578939
2017-05-07,1555.47,0.004626655
2017-05-08,1639.32,0.052503771
2017-05-09,1706.93,0.040414914
2017-05-10,1756.8,0.028797537
2017-05-11,1807.37,0.028378778
2017-05-12,1676.99,-0.07487223
2017-05-13,1759.96,0.048290562
2017-05-14,1772.42,0.007054763
2017-05-15,1697.38,-0.043259959
2017-05-16,1718.2,0.012191345
2017-05-17,1802.16,0.047708714
2017-05-18,1887.33,0.046177186
2017-05-19,1968.1,0.041905478
2017-05-20,2051.73,0.041614729
2017-05-21,2055.62,0.001894166
2017-05-22,2139.03,0.03977495
2017-05-23,2291.48,0.068845442
2017-05-24,2476.3,0.077567614
2017-05-25,2357.5,-0.049163775
2017-05-26,2247.48,-0.047792147
2017-05-27,2106.31,-0.064871987
2017-05-28,2207.58,0.046959292
2017-05-29,2289.87,0.036598154
2017-05-30,2197.23,-0.041297571
2017-05-31,2330.23,0.058769499
2017-06-01,2452.18,0.05101045
2017-06-02,2517.41,0.02625317
2017-06-03,2555.65,0.015075999
2017-06-04,2552.81,-0.001111881
2017-06-05,2736.59,0.069517907
2017-06-06,2914.08,0.062841541
2017-06-07,2694.22,-0.078445423
2017-06-08,2825.03,0.047410246
2017-06-09,2826.7,0.00059097
2017-06-10,2942.34,0.04009523
2017-06-11,3018.54,0.025568088
2017-06-12,2682.59,-0.117990525
2017-06-13,2738.93,0.020784587
2017-06-14,2494.48,-0.093487043
2017-06-15,2456.92,-0.015171758
2017-06-16,2528.1,0.028559499
2017-06-17,2664,0.05236072
2017-06-18,2576.17,-0.033524953
2017-06-19,2641.66,0.025103708
2017-06-20,2778.83,0.050622468
2017-06-21,2712.16,-0.02428461
2017-06-22,2740.79,0.010500835
2017-06-23,2738.22,-0.000938126
2017-06-24,2619.12,-0.044469691
2017-06-25,2594.45,-0.009463835
2017-06-26,2485.36,-0.04295703
2017-06-27,2593.17,0.042463547
2017-06-28,2584.56,-0.003325785
2017-06-29,2561.56,-0.008938833
2017-06-30,2499.98,-0.024333716
2017-07-01,2460.2,-0.016040084
2017-07-02,2529.78,0.027889695
2017-07-03,2581.07,0.020071699
2017-07-04,2625.07,0.016903521
2017-07-05,2629.27,0.001598679
2017-07-06,2619.11,-0.003871676
2017-07-07,2521.24,-0.038083721
2017-07-08,2579.93,0.023011423
2017-07-09,2525.67,-0.021255893
2017-07-10,2371.96,-0.062789756
2017-07-11,2332.19,-0.016908877
2017-07-12,2423.16,0.038264733
2017-07-13,2364.52,-0.024497432
2017-07-14,2232.65,-0.057385821
2017-07-15,1993.26,-0.113417731
2017-07-16,1938.94,-0.027630057
2017-07-17,2244.26,0.146234413
2017-07-18,2327.9,0.036590728
2017-07-19,2294.4,-0.014495202
2017-07-20,2877.39,0.226412262
2017-07-21,2694.29,-0.065748914
2017-07-22,2838.81,0.052250231
2017-07-23,2762.63,-0.027201826
2017-07-24,2779.04,0.00592242
2017-07-25,2591.22,-0.069976737
2017-07-26,2550.18,-0.015964862
2017-07-27,2697.47,0.056150352
2017-07-28,2805.18,0.039153411
2017-07-29,2720.08,-0.030806416
2017-07-30,2746.33,0.009604183
2017-07-31,2873.83,0.04538016
2017-08-01,2735.59,-0.0492985
2017-08-02,2723.58,-0.004399943
2017-08-03,2814.36,0.032787691
2017-08-04,2883.68,0.024332374
2017-08-05,3301.76,0.135388403
2017-08-06,3255,-0.014263384
2017-08-07,3431.97,0.052942165
2017-08-08,3453.16,0.006155314
2017-08-09,3377.54,-0.02214212
2017-08-10,3445.28,0.019857545
2017-08-11,3679.61,0.06580159
2017-08-12,3917.65,0.062685216
2017-08-13,4111.2,0.048222972
2017-08-14,4382.74,0.063959143
2017-08-15,4204.43,-0.041535368
2017-08-16,4425.3,0.051199341
2017-08-17,4316.34,-0.024930252
2017-08-18,4159.46,-0.037022563
2017-08-19,4206.13,0.011157727
2017-08-20,4111.22,-0.022823164
2017-08-21,4054.94,-0.013783931
2017-08-22,4137.67,0.020196937
2017-08-23,4191.22,0.012859034
2017-08-24,4362.47,0.04004655
2017-08-25,4408.32,0.010455254
2017-08-26,4387.46,-0.004743193
2017-08-27,4394.51,0.001605563
2017-08-28,4439.66,0.010221762
2017-08-29,4648.13,0.045887191
2017-08-30,4630.73,-0.003750465
2017-08-31,4764.87,0.028555731
2017-09-01,4950.72,0.038262766
2017-09-02,4643.97,-0.063963417
2017-09-03,4631.69,-0.002647792
2017-09-04,4319.72,-0.069731227
2017-09-05,4422.12,0.023428634
2017-09-06,4626.72,0.045228975
2017-09-07,4638.1,0.002456606
2017-09-08,4317.54,-0.071619004
2017-09-09,4291.88,-0.00596093
2017-09-10,4191.17,-0.023744934
2017-09-11,4188.84,-0.000556085
2017-09-12,4148.27,-0.009732466
2017-09-13,3874.26,-0.068336703
2017-09-14,3226.41,-0.182984613
2017-09-15,3686.9,0.133415933
2017-09-16,3678.74,-0.002215694
2017-09-17,3672.57,-0.001678613
2017-09-18,4067.08,0.102033608
2017-09-19,3897,-0.042718271
2017-09-20,3858.09,-0.010034784
2017-09-21,3612.68,-0.065722363
2017-09-22,3603.31,-0.002597012
2017-09-23,3777.29,0.047153954
2017-09-24,3662.12,-0.030964607
2017-09-25,3927.5,0.069960876
2017-09-26,3895.51,-0.008178483
2017-09-27,4208.56,0.077295939
2017-09-28,4185.29,-0.00554455
2017-09-29,4164.1,-0.005075831
2017-09-30,4353.05,0.044376583
2017-10-01,4394.64,0.009508868
2017-10-02,4404.1,0.002150309
2017-10-03,4320.09,-0.01925969
2017-10-04,4225.92,-0.022039247
2017-10-05,4322.75,0.022654785
2017-10-06,4370.24,0.010926154
2017-10-07,4437.03,0.015167306
2017-10-08,4596.96,0.035409982
2017-10-09,4772.97,0.037573537
2017-10-10,4754.7,-0.00383515
2017-10-11,4830.77,0.015872273
2017-10-12,5439.13,0.118613246
2017-10-13,5640.13,0.036287993
2017-10-14,5809.69,0.029620098
2017-10-15,5697.39,-0.019519038
2017-10-16,5754.22,0.009925323
2017-10-17,5595.23,-0.02801905
2017-10-18,5572.2,-0.0041245
2017-10-19,5699.58,0.022602539
2017-10-20,5984.09,0.048711793
2017-10-21,6013.23,0.004857761
2017-10-22,5984.96,-0.004712386
2017-10-23,5895.3,-0.015094232
2017-10-24,5518.85,-0.065985918
2017-10-25,5733.9,0.038226422
2017-10-26,5888.14,0.026544231
2017-10-27,5767.68,-0.020670238
2017-10-28,5732.82,-0.006062364
2017-10-29,6140.53,0.068703501
2017-10-30,6121.8,-0.003054887
2017-10-31,6447.67,0.051862654
2017-11-01,6750.17,0.045848865
2017-11-02,7030,0.040619016
2017-11-03,7161.45,0.018525769
2017-11-04,7387,0.031009224
2017-11-05,7382.45,-0.000616137
2017-11-06,6958.21,-0.059183304
2017-11-07,7118.8,0.022816915
2017-11-08,7458.79,0.046654031
2017-11-09,7146.78,-0.042731297
2017-11-10,6570.31,-0.08410089
2017-11-11,6337,-0.036155545
2017-11-12,5857.32,-0.078713309
2017-11-13,6517.68,0.106826323
2017-11-14,6598.77,0.012364784
2017-11-15,7279,0.098110222
2017-11-16,7843.94,0.074747769
2017-11-17,7689.91,-0.019832179
2017-11-18,7776.94,0.011253865
2017-11-19,8033.94,0.032512123
2017-11-20,8238.2,0.025106806
2017-11-21,8095.59,-0.017462404
2017-11-22,8230.69,0.016550382
2017-11-23,8002.64,-0.028098364
2017-11-24,8201.46,0.0245407
2017-11-25,8763.78,0.066315132
2017-11-26,9326.59,0.062242142
2017-11-27,9739.05,0.043274117
2017-11-28,9908.23,0.017222148
2017-11-29,9816.35,-0.009316362
2017-11-30,9916.54,0.010154707
2017-12-01,10857.91,0.090689776